[
  { "gameId": 171396, "name": "3 op een rij!", "image": "https://cf.geekdo-images.com/original/img/o65pbRpnLnM_ytr5Pg_rR95aDp4=/0x0/pic2364415.jpg", "thumbnail": "https://cf.geekdo-images.com/thumb/img/uvotoVPZXEHM6Sks2NnKDPSXmVw=/fit-in/200x150/pic2364415.jpg", "minPlayers": 2, "maxPlayers": 4, "playingTime": 15, "isExpansion": false, "yearPublished": 2015, "bggRating": 0.0, "averageRating": 5.625, "rank": -1, "numPlays": 0, "rating": -1.0, "owned": true, "preOrdered": false, "forTrade": false, "previousOwned": false, "want": false, "wantToPlay": false, "wantToBuy": false, "wishList": false, "userComment": "" },
  { "gameId": 31260, "name": "Agricola", "image": "https://cf.geekdo-images.com/original/img/L-UBO3rBOmvIrZHZLSXOypyAUPw=/0x0/pic259085.jpg", "thumbnail": "https://cf.geekdo-images.com/thumb/img/zl48oz7IeKlgWJVBLYd0nFJumdA=/fit-in/200x150/pic259085.jpg", "minPlayers": 1, "maxPlayers": 5, "playingTime": 150, "isExpansion": false, "yearPublished": 2011, "bggRating": 0.0, "averageRating": 7.99858, "rank": 24, "numPlays": 0, "rating": -1.0, "owned": true, "preOrdered": false, "forTrade": false, "previousOwned": false, "want": false, "wantToPlay": false, "wantToBuy": false, "wishList": false, "userComment": "" },
  { "gameId": 6249, "name": "Alhambra", "image": "https://cf.geekdo-images.com/original/img/73Mnb0UDjgZPGxKa6nieDPF5Oxk=/0x0/pic877073.jpg", "thumbnail": "https://cf.geekdo-images.com/thumb/img/LpAwZB9yB71tAWwQeUfk9u05v50=/fit-in/200x150/pic877073.jpg", "minPlayers": 2, "maxPlayers": 6, "playingTime": 60, "isExpansion": false, "yearPublished": 2003, "bggRating": 0.0, "averageRating": 7.03177, "rank": 419, "numPlays": 0, "rating": -1.0, "owned": true, "preOrdered": false, "forTrade": false, "previousOwned": false, "want": false, "wantToPlay": false, "wantToBuy": false, "wishList": false, "userComment": "" },
  { "gameId": 24224, "name": "Anasazi", "image": "https://cf.geekdo-images.com/original/img/7bQAunMzszZ0Hb1enhVe9Iq4Foo=/0x0/pic296199.jpg", "thumbnail": "https://cf.geekdo-images.com/thumb/img/-hMFhwWoDEsPLZ5AIJAwPXBELHA=/fit-in/200x150/pic296199.jpg", "minPlayers": 2, "maxPlayers": 4, "playingTime": 30, "isExpansion": false, "yearPublished": 2006, "bggRating": 0.0, "averageRating": 4.95892, "rank": 16503, "numPlays": 0, "rating": -1.0, "owned": true, "preOrdered": false, "forTrade": false, "previousOwned": false, "want": false, "wantToPlay": false, "wantToBuy": false, "wishList": false, "userComment": "" },
  { "gameId": 55253, "name": "Atlantis", "image": "https://cf.geekdo-images.com/original/img/CmbXimhBuRVq3nG967QBZGNC7kg=/0x0/pic942916.png", "thumbnail": "https://cf.geekdo-images.com/thumb/img/Rst0MWjcPy_vBdb9mKHjMmj1Y1w=/fit-in/200x150/pic942916.png", "minPlayers": 2, "maxPlayers": 4, "playingTime": 45, "isExpansion": false, "yearPublished": 2011, "bggRating": 0.0, "averageRating": 6.51433, "rank": 1872, "numPlays": 0, "rating": -1.0, "owned": true, "preOrdered": false, "forTrade": false, "previousOwned": false, "want": false, "wantToPlay": false, "wantToBuy": false, "wishList": false, "userComment": "" },
  { "gameId": 37070, "name": "Atmosfear: Booster Game Tape Set", "image": "https://cf.geekdo-images.com/original/img/cds85SXZE5tBzRaYBPFBsHWU0TE=/0x0/pic1254272.jpg", "thumbnail": "https://cf.geekdo-images.com/thumb/img/CwEMfXeqYVylMlk41PhjGFGs4_I=/fit-in/200x150/pic1254272.jpg", "minPlayers": 3, "maxPlayers": 6, "playingTime": -1, "isExpansion": true, "yearPublished": 1995, "bggRating": 0.0, "averageRating": 6.79167, "rank": -1, "numPlays": 0, "rating": -1.0, "owned": true, "preOrdered": false, "forTrade": false, "previousOwned": false, "want": false, "wantToPlay": false, "wantToBuy": false, "wishList": false, "userComment": "" },
  { "gameId": 827, "name": "Attila", "image": "https://cf.geekdo-images.com/original/img/lE9KzheLXm7irOpgyll3n5vYp-U=/0x0/pic88260.jpg", "thumbnail": "https://cf.geekdo-images.com/thumb/img/GbrVYywVNmKJPEE3zr0_8o2S65A=/fit-in/200x150/pic88260.jpg", "minPlayers": 2, "maxPlayers": 5, "playingTime": 45, "isExpansion": false, "yearPublished": 2000, "bggRating": 0.0, "averageRating": 6.50789, "rank": 1994, "numPlays": 0, "rating": -1.0, "owned": false, "preOrdered": false, "forTrade": false, "previousOwned": false, "want": false, "wantToPlay": false, "wantToBuy": false, "wishList": false, "userComment": "" },
  { "gameId": 24509, "name": "Bedriegers Bedrogen", "image": "https://cf.geekdo-images.com/original/img/I9aaSI0ZcBKZ-S5qr2OD963lMBk=/0x0/pic224549.jpg", "thumbnail": "https://cf.geekdo-images.com/thumb/img/NIapju5M0d1OY7_NdSXLquKf6yQ=/fit-in/200x150/pic224549.jpg", "minPlayers": 2, "maxPlayers": 6, "playingTime": 30, "isExpansion": false, "yearPublished": 2006, "bggRating": 0.0, "averageRating": 6.45616, "rank": 2083, "numPlays": 0, "rating": -1.0, "owned": true, "preOrdered": false, "forTrade": false, "previousOwned": false, "want": false, "wantToPlay": false, "wantToBuy": false, "wishList": false, "userComment": "" },
  { "gameId": 21287, "name": "Bizon: De prairie beeft!", "image": "https://cf.geekdo-images.com/original/img/p_UFIIJaWHRL7pw7-O_vNFJ6zsI=/0x0/pic345289.jpg", "thumbnail": "https://cf.geekdo-images.com/thumb/img/gWy0VJ2TcxuT6pGGzx9ZrSRdrSk=/fit-in/200x150/pic345289.jpg", "minPlayers": 2, "maxPlayers": 4, "playingTime": 90, "isExpansion": false, "yearPublished": 2006, "bggRating": 0.0, "averageRating": 6.35952, "rank": 2536, "numPlays": 0, "rating": -1.0, "owned": true, "preOrdered": false, "forTrade": false, "previousOwned": false, "want": false, "wantToPlay": false, "wantToBuy": false, "wishList": false, "userComment": "" },
  { "gameId": 2453, "name": "Blokus", "image": "https://cf.geekdo-images.com/original/img/YAFla7Wy8VSzT6RGTGQOCt-9JfI=/0x0/pic2197702.jpg", "thumbnail": "https://cf.geekdo-images.com/thumb/img/b9feAHVD4OdrOrexeIay0LPfVbk=/fit-in/200x150/pic2197702.jpg", "minPlayers": 2, "maxPlayers": 4, "playingTime": 20, "isExpansion": false, "yearPublished": 2000, "bggRating": 0.0, "averageRating": 6.91054, "rank": 559, "numPlays": 0, "rating": -1.0, "owned": false, "preOrdered": false, "forTrade": false, "previousOwned": false, "want": false, "wantToPlay": false, "wantToBuy": false, "wishList": false, "userComment": "" },
  { "gameId": 2453, "name": "Blokus", "image": "https://cf.geekdo-images.com/original/img/p40LQiSevMbWKD_wFbcmNz8lAQw=/0x0/pic4234682.jpg", "thumbnail": "https://cf.geekdo-images.com/thumb/img/T2CF543UEJs4nl6Krq1uR-Q930k=/fit-in/200x150/pic4234682.jpg", "minPlayers": 2, "maxPlayers": 4, "playingTime": 20, "isExpansion": false, "yearPublished": 2016, "bggRating": 0.0, "averageRating": 6.91054, "rank": 559, "numPlays": 0, "rating": -1.0, "owned": true, "preOrdered": false, "forTrade": false, "previousOwned": false, "want": false, "wantToPlay": false, "wantToBuy": false, "wishList": false, "userComment": "" },
  { "gameId": 9446, "name": "Blue Moon", "image": "https://cf.geekdo-images.com/original/img/jCqACSKFw8NUbZZAgSdV7CEng74=/0x0/pic249713.jpg", "thumbnail": "https://cf.geekdo-images.com/thumb/img/8M8dAVYL8QqcKfGIjHpXuvBruO8=/fit-in/200x150/pic249713.jpg", "minPlayers": 2, "maxPlayers": 2, "playingTime": 30, "isExpansion": false, "yearPublished": 2004, "bggRating": 0.0, "averageRating": 6.71734, "rank": 956, "numPlays": 0, "rating": -1.0, "owned": true, "preOrdered": false, "forTrade": false, "previousOwned": false, "want": false, "wantToPlay": false, "wantToBuy": false, "wishList": false, "userComment": "" },
  { "gameId": 19742, "name": "Blue Moon uitbreidingsset: Gezanten & Inquisiteurs", "image": "https://cf.geekdo-images.com/original/img/uWK7tPn4sFAFnt5UzCmyRNrEpLI=/0x0/pic249666.jpg", "thumbnail": "https://cf.geekdo-images.com/thumb/img/_31RfxfUypa0fjzf3rV6Ttj5zS8=/fit-in/200x150/pic249666.jpg", "minPlayers": 2, "maxPlayers": 2, "playingTime": 30, "isExpansion": true, "yearPublished": 2005, "bggRating": 0.0, "averageRating": 6.90739, "rank": -1, "numPlays": 0, "rating": -1.0, "owned": true, "preOrdered": false, "forTrade": false, "previousOwned": false, "want": false, "wantToPlay": false, "wantToBuy": false, "wishList": false, "userComment": "" },
  { "gameId": 19743, "name": "Blue Moon Uitbreidingsset: Gezanten & Inquisiteurs II", "image": "https://cf.geekdo-images.com/original/img/uXtGRmhQof4YYizth8CKJyP8e3U=/0x0/pic249665.jpg", "thumbnail": "https://cf.geekdo-images.com/thumb/img/7hpstfaSyRCKTd3FICqL2E_833U=/fit-in/200x150/pic249665.jpg", "minPlayers": 2, "maxPlayers": 2, "playingTime": 30, "isExpansion": true, "yearPublished": 2005, "bggRating": 0.0, "averageRating": 6.91404, "rank": -1, "numPlays": 0, "rating": -1.0, "owned": true, "preOrdered": false, "forTrade": false, "previousOwned": false, "want": false, "wantToPlay": false, "wantToBuy": false, "wishList": false, "userComment": "" },
  { "gameId": 19738, "name": "Blue Moonvolk: De Aqua", "image": "https://cf.geekdo-images.com/original/img/mSAA5TolTbb7YXgjQi-uzD3-3ko=/0x0/pic249654.jpg", "thumbnail": "https://cf.geekdo-images.com/thumb/img/qbrt7wYq4E8x4gITvoYKCvtJ5UY=/fit-in/200x150/pic249654.jpg", "minPlayers": 2, "maxPlayers": 2, "playingTime": 30, "isExpansion": true, "yearPublished": 2005, "bggRating": 0.0, "averageRating": 7.25262, "rank": -1, "numPlays": 0, "rating": -1.0, "owned": true, "preOrdered": false, "forTrade": false, "previousOwned": false, "want": false, "wantToPlay": false, "wantToBuy": false, "wishList": false, "userComment": "" },
  { "gameId": 19736, "name": "Blue Moonvolk: De Flit", "image": "https://cf.geekdo-images.com/original/img/-WukAs3gnAe_OlUOHLwAnwynPAU=/0x0/pic249656.jpg", "thumbnail": "https://cf.geekdo-images.com/thumb/img/YRKW3TcfeZ6uga1GfBjOVJzVIAM=/fit-in/200x150/pic249656.jpg", "minPlayers": 2, "maxPlayers": 2, "playingTime": 30, "isExpansion": true, "yearPublished": 2005, "bggRating": 0.0, "averageRating": 7.04182, "rank": -1, "numPlays": 0, "rating": -1.0, "owned": true, "preOrdered": false, "forTrade": false, "previousOwned": false, "want": false, "wantToPlay": false, "wantToBuy": false, "wishList": false, "userComment": "" },
  { "gameId": 19739, "name": "Blue Moonvolk: De Mimix", "image": "https://cf.geekdo-images.com/original/img/BXLFMyC5EkN5K-T30FlE3SBc3a8=/0x0/pic249658.jpg", "thumbnail": "https://cf.geekdo-images.com/thumb/img/V8WoIsPqnAaz8kNXVNf37jRMe3Q=/fit-in/200x150/pic249658.jpg", "minPlayers": 2, "maxPlayers": 2, "playingTime": 30, "isExpansion": true, "yearPublished": 2005, "bggRating": 0.0, "averageRating": 7.05877, "rank": -1, "numPlays": 0, "rating": -1.0, "owned": true, "preOrdered": false, "forTrade": false, "previousOwned": false, "want": false, "wantToPlay": false, "wantToBuy": false, "wishList": false, "userComment": "" },
  { "gameId": 19741, "name": "Blue Moonvolk: De Pillar", "image": "https://cf.geekdo-images.com/original/img/AbqGmHQLT4bQrNRM9uEWIalfOmQ=/0x0/pic249659.jpg", "thumbnail": "https://cf.geekdo-images.com/thumb/img/YdUo1pCZAOBH18ntN_9OMHBe-Vs=/fit-in/200x150/pic249659.jpg", "minPlayers": 2, "maxPlayers": 2, "playingTime": 30, "isExpansion": true, "yearPublished": 2005, "bggRating": 0.0, "averageRating": 7.21781, "rank": -1, "numPlays": 0, "rating": -1.0, "owned": true, "preOrdered": false, "forTrade": false, "previousOwned": false, "want": false, "wantToPlay": false, "wantToBuy": false, "wishList": false, "userComment": "" },
  { "gameId": 11, "name": "Boonanza", "image": "https://cf.geekdo-images.com/original/img/XvIWQUpo0h2V9ChuStsuLAkyVQw=/0x0/pic96693.jpg", "thumbnail": "https://cf.geekdo-images.com/thumb/img/WWOV_YayY4Wmurdlt4v02Yi2xgA=/fit-in/200x150/pic96693.jpg", "minPlayers": 2, "maxPlayers": 7, "playingTime": 45, "isExpansion": false, "yearPublished": 2002, "bggRating": 0.0, "averageRating": 7.04831, "rank": 387, "numPlays": 0, "rating": -1.0, "owned": true, "preOrdered": false, "forTrade": false, "previousOwned": false, "want": false, "wantToPlay": false, "wantToBuy": false, "wishList": false, "userComment": "" },
  { "gameId": 1494, "name": "Boonanza: De Uitbreiding", "image": "https://cf.geekdo-images.com/original/img/Ae6pSOr7-oAWMTaj2n6vSlPaHKM=/0x0/pic96690.jpg", "thumbnail": "https://cf.geekdo-images.com/thumb/img/J_1xVBRVxAFyjBRJZPTQIJOYGF4=/fit-in/200x150/pic96690.jpg", "minPlayers": 3, "maxPlayers": 7, "playingTime": 60, "isExpansion": true, "yearPublished": 2005, "bggRating": 0.0, "averageRating": 7.00885, "rank": -1, "numPlays": 0, "rating": -1.0, "owned": true, "preOrdered": false, "forTrade": false, "previousOwned": false, "want": false, "wantToPlay": false, "wantToBuy": false, "wishList": false, "userComment": "" },
  { "gameId": 111148, "name": "Boonanza: Het Dobbelspel", "image": "https://cf.geekdo-images.com/original/img/AsC_Psq2H8zhpN4mLVMOStxZu68=/0x0/pic1216638.png", "thumbnail": "https://cf.geekdo-images.com/thumb/img/SMCfEIr7TQsNJTU7SoeHrVNEBjg=/fit-in/200x150/pic1216638.png", "minPlayers": 2, "maxPlayers": 5, "playingTime": 45, "isExpansion": false, "yearPublished": 2012, "bggRating": 0.0, "averageRating": 6.67534, "rank": 1586, "numPlays": 0, "rating": -1.0, "owned": true, "preOrdered": false, "forTrade": false, "previousOwned": false, "want": false, "wantToPlay": false, "wantToBuy": false, "wishList": false, "userComment": "" },
  { "gameId": 24901, "name": "Bunny Hop", "image": "https://cf.geekdo-images.com/original/img/BzuLq2DqaAOUa3wJXyReugpYaqc=/0x0/pic697946.jpg", "thumbnail": "https://cf.geekdo-images.com/thumb/img/l7l3gLSzaI5e11o8znfvrVy8bUI=/fit-in/200x150/pic697946.jpg", "minPlayers": 2, "maxPlayers": 5, "playingTime": 15, "isExpansion": false, "yearPublished": 2005, "bggRating": 0.0, "averageRating": 4.55714, "rank": -1, "numPlays": 0, "rating": -1.0, "owned": true, "preOrdered": false, "forTrade": false, "previousOwned": false, "want": false, "wantToPlay": false, "wantToBuy": false, "wishList": false, "userComment": "" },
  { "gameId": 132, "name": "Caesar & Cleopatra", "image": "https://cf.geekdo-images.com/original/img/UQSDTO-Ew6xy-udNd5inIr3oEU4=/0x0/pic88275.jpg", "thumbnail": "https://cf.geekdo-images.com/thumb/img/5yGa8DVb9tp2ndSVCNzsDKhvCXI=/fit-in/200x150/pic88275.jpg", "minPlayers": 2, "maxPlayers": 2, "playingTime": 60, "isExpansion": false, "yearPublished": 1997, "bggRating": 0.0, "averageRating": 6.43332, "rank": 1549, "numPlays": 0, "rating": -1.0, "owned": true, "preOrdered": false, "forTrade": false, "previousOwned": false, "want": false, "wantToPlay": false, "wantToBuy": false, "wishList": false, "userComment": "" },
  { "gameId": 153938, "name": "Camel Up", "image": "https://cf.geekdo-images.com/original/img/fLX9I0qOLYRIPaLRtb6WL-aL63w=/0x0/pic4124534.jpg", "thumbnail": "https://cf.geekdo-images.com/thumb/img/iqocUXx-J1gQOtF2b3ShEO2UMeM=/fit-in/200x150/pic4124534.jpg", "minPlayers": 2, "maxPlayers": 8, "playingTime": 30, "isExpansion": false, "yearPublished": 2014, "bggRating": 0.0, "averageRating": 7.07347, "rank": 400, "numPlays": 0, "rating": -1.0, "owned": true, "preOrdered": false, "forTrade": false, "previousOwned": false, "want": false, "wantToPlay": false, "wantToBuy": false, "wishList": false, "userComment": "" },
  { "gameId": 58798, "name": "Car(d)cassonne", "image": "https://cf.geekdo-images.com/original/img/sPreZYJvQIULkZS0zMT8Unwy2Nw=/0x0/pic699341.jpg", "thumbnail": "https://cf.geekdo-images.com/thumb/img/bQXuTaPHPFpdY2Pc5gmUbzaPWSM=/fit-in/200x150/pic699341.jpg", "minPlayers": 2, "maxPlayers": 5, "playingTime": 45, "isExpansion": false, "yearPublished": 2010, "bggRating": 0.0, "averageRating": 6.2796, "rank": 2875, "numPlays": 0, "rating": -1.0, "owned": true, "preOrdered": false, "forTrade": false, "previousOwned": false, "want": false, "wantToPlay": false, "wantToBuy": false, "wishList": false, "userComment": "" },
  { "gameId": 822, "name": "Carcassonne", "image": "https://cf.geekdo-images.com/original/img/mSaMgAa6swR_SeURQEfL3Dh8kE4=/0x0/pic97653.jpg", "thumbnail": "https://cf.geekdo-images.com/thumb/img/nna13LBqRt2diJUKqAPX17azuvI=/fit-in/200x150/pic97653.jpg", "minPlayers": 2, "maxPlayers": 5, "playingTime": 45, "isExpansion": false, "yearPublished": 2000, "bggRating": 0.0, "averageRating": 7.42882, "rank": 144, "numPlays": 0, "rating": -1.0, "owned": true, "preOrdered": false, "forTrade": false, "previousOwned": false, "want": false, "wantToPlay": false, "wantToBuy": false, "wishList": false, "userComment": "" },
  { "gameId": 89952, "name": "Carcassonne Jubileumeditie", "image": "https://cf.geekdo-images.com/original/img/XxMoLzXu6kZSPfZoFAzsylfGns0=/0x0/pic910893.png", "thumbnail": "https://cf.geekdo-images.com/thumb/img/MJaKCkkE_Z_Yxs_a_mNb2ZfFa10=/fit-in/200x150/pic910893.png", "minPlayers": 2, "maxPlayers": 5, "playingTime": 45, "isExpansion": false, "yearPublished": 2011, "bggRating": 0.0, "averageRating": 7.67758, "rank": -1, "numPlays": 0, "rating": -1.0, "owned": true, "preOrdered": false, "forTrade": false, "previousOwned": false, "want": false, "wantToPlay": false, "wantToBuy": false, "wishList": false, "userComment": "" },
  { "gameId": 34615, "name": "Carcassonne Mayflower", "image": "https://cf.geekdo-images.com/original/img/IAO2zf6nTWP9_6273P7Ui97msqc=/0x0/pic542718.jpg", "thumbnail": "https://cf.geekdo-images.com/thumb/img/W7Czz1P7hlSCQsNV2ua3eUQxooY=/fit-in/200x150/pic542718.jpg", "minPlayers": 2, "maxPlayers": 5, "playingTime": 45, "isExpansion": false, "yearPublished": 2009, "bggRating": 0.0, "averageRating": 6.48001, "rank": 1839, "numPlays": 0, "rating": -1.0, "owned": true, "preOrdered": false, "forTrade": false, "previousOwned": false, "want": false, "wantToPlay": false, "wantToBuy": false, "wishList": false, "userComment": "" },
  { "gameId": 206940, "name": "Carcassonne: Amazone", "image": "https://cf.geekdo-images.com/original/img/XEcd70N_fCd_XWKnkOZNEcbWx8M=/0x0/pic3259800.jpg", "thumbnail": "https://cf.geekdo-images.com/thumb/img/LurtLLBHhbPVPhgPTd6zNsWGm94=/fit-in/200x150/pic3259800.jpg", "minPlayers": 2, "maxPlayers": 5, "playingTime": 35, "isExpansion": false, "yearPublished": 2016, "bggRating": 0.0, "averageRating": 7.2144, "rank": 1445, "numPlays": 0, "rating": -1.0, "owned": true, "preOrdered": false, "forTrade": false, "previousOwned": false, "want": false, "wantToPlay": false, "wantToBuy": false, "wishList": false, "userComment": "" },
  { "gameId": 31784, "name": "Carcassonne: Burgemeesters en Abdijen", "image": "https://cf.geekdo-images.com/original/img/iRX1i_kKvu7qNCdhARl4AQ6BVFM=/0x0/pic699340.jpg", "thumbnail": "https://cf.geekdo-images.com/thumb/img/fKLIVJMfcGfis3y41bkHcUwl3r4=/fit-in/200x150/pic699340.jpg", "minPlayers": 2, "maxPlayers": 6, "playingTime": 30, "isExpansion": true, "yearPublished": 2008, "bggRating": 0.0, "averageRating": 7.12874, "rank": -1, "numPlays": 0, "rating": -1.0, "owned": true, "preOrdered": false, "forTrade": false, "previousOwned": false, "want": false, "wantToPlay": false, "wantToBuy": false, "wishList": false, "userComment": "" },
  { "gameId": 5405, "name": "Carcassonne: Expansion 2 – Traders & Builders", "image": "https://cf.geekdo-images.com/original/img/uumS5wg1ttKxBCKdXl-nbg5Ka0Q=/0x0/pic2659946.jpg", "thumbnail": "https://cf.geekdo-images.com/thumb/img/4BEgw-bx_KLj0nyd1dZa9v1SNAM=/fit-in/200x150/pic2659946.jpg", "minPlayers": 2, "maxPlayers": 6, "playingTime": 60, "isExpansion": true, "yearPublished": 2003, "bggRating": 0.0, "averageRating": 7.60526, "rank": -1, "numPlays": 0, "rating": -1.0, "owned": true, "preOrdered": false, "forTrade": false, "previousOwned": false, "want": false, "wantToPlay": false, "wantToBuy": false, "wishList": false, "userComment": "" },
  { "gameId": 21791, "name": "Castello", "image": "https://cf.geekdo-images.com/original/img/iUt90C7bd4XvN9QxEDXaBE8LXaI=/0x0/pic975851.jpg", "thumbnail": "https://cf.geekdo-images.com/thumb/img/USqV5MLouarDuYUCOXKNCTEBi3M=/fit-in/200x150/pic975851.jpg", "minPlayers": 2, "maxPlayers": 4, "playingTime": 45, "isExpansion": false, "yearPublished": 2006, "bggRating": 0.0, "averageRating": 6.53219, "rank": 1610, "numPlays": 0, "rating": -1.0, "owned": true, "preOrdered": false, "forTrade": false, "previousOwned": false, "want": false, "wantToPlay": false, "wantToBuy": false, "wishList": false, "userComment": "" },
  { "gameId": 27440, "name": "Cinderella: Het Magische Muiltjespel", "image": "https://cf.geekdo-images.com/original/img/iJW4Syk-Gtzts-dgIdOQCwUpVrw=/0x0/pic177181.jpg", "thumbnail": "https://cf.geekdo-images.com/thumb/img/SCnqITk4R8ZSuGaiIOh_V-1lBfw=/fit-in/200x150/pic177181.jpg", "minPlayers": 2, "maxPlayers": 4, "playingTime": 15, "isExpansion": false, "yearPublished": 2004, "bggRating": 0.0, "averageRating": 4.665, "rank": -1, "numPlays": 0, "rating": -1.0, "owned": true, "preOrdered": false, "forTrade": false, "previousOwned": false, "want": false, "wantToPlay": false, "wantToBuy": false, "wishList": false, "userComment": "" },
  { "gameId": 8190, "name": "De Bruggen van ShangriLa", "image": "https://cf.geekdo-images.com/original/img/gyJHkQEHWVtedonJEQOenaiaOlE=/0x0/pic124936.jpg", "thumbnail": "https://cf.geekdo-images.com/thumb/img/8vo-U99hsKLZY5HPT1DcSTJrQEw=/fit-in/200x150/pic124936.jpg", "minPlayers": 3, "maxPlayers": 4, "playingTime": 60, "isExpansion": false, "yearPublished": 2003, "bggRating": 0.0, "averageRating": 6.77506, "rank": 1283, "numPlays": 0, "rating": -1.0, "owned": true, "preOrdered": false, "forTrade": false, "previousOwned": false, "want": false, "wantToPlay": false, "wantToBuy": false, "wishList": false, "userComment": "" },
  { "gameId": 22198, "name": "De Chinese Muur", "image": "https://cf.geekdo-images.com/original/img/9c0XyRwFTanPYVNpNwzDUgtSSyk=/0x0/pic460627.jpg", "thumbnail": "https://cf.geekdo-images.com/thumb/img/nJlF5YHDVKKZvv2_Oc8fxH2Ab60=/fit-in/200x150/pic460627.jpg", "minPlayers": 2, "maxPlayers": 5, "playingTime": 30, "isExpansion": false, "yearPublished": 2006, "bggRating": 0.0, "averageRating": 6.21901, "rank": 2464, "numPlays": 0, "rating": -1.0, "owned": true, "preOrdered": false, "forTrade": false, "previousOwned": false, "want": false, "wantToPlay": false, "wantToBuy": false, "wishList": false, "userComment": "" },
  { "gameId": 35289, "name": "De Gouden Eeuw", "image": "https://cf.geekdo-images.com/original/img/G7B-N-XtfrhndqejofdlImhCWI0=/0x0/pic364434.jpg", "thumbnail": "https://cf.geekdo-images.com/thumb/img/Y3nJ1lUstmsndttpUlTAqvuTCb4=/fit-in/200x150/pic364434.jpg", "minPlayers": 3, "maxPlayers": 4, "playingTime": 60, "isExpansion": false, "yearPublished": 2008, "bggRating": 0.0, "averageRating": 6.38539, "rank": 3449, "numPlays": 0, "rating": -1.0, "owned": true, "preOrdered": false, "forTrade": false, "previousOwned": false, "want": false, "wantToPlay": false, "wantToBuy": false, "wishList": false, "userComment": "" },
  { "gameId": 24480, "name": "De Kathedraal", "image": "https://cf.geekdo-images.com/original/img/UEb3SUdh6fV9P_ZsmU8ZnjMQlDg=/0x0/pic201832.jpg", "thumbnail": "https://cf.geekdo-images.com/thumb/img/gqEfOcycomQ5PplqckHjN1AzCb0=/fit-in/200x150/pic201832.jpg", "minPlayers": 2, "maxPlayers": 4, "playingTime": 120, "isExpansion": false, "yearPublished": 2006, "bggRating": 0.0, "averageRating": 7.30846, "rank": 249, "numPlays": 0, "rating": -1.0, "owned": true, "preOrdered": false, "forTrade": false, "previousOwned": false, "want": false, "wantToPlay": false, "wantToBuy": false, "wishList": false, "userComment": "" },
  { "gameId": 13, "name": "De Kolonisten van Catan", "image": "https://cf.geekdo-images.com/original/img/U5O9v2Y8EFJR9HzipBg4X0yWMbU=/0x0/pic708062.jpg", "thumbnail": "https://cf.geekdo-images.com/thumb/img/A4w1B_X0f7JS9KDFOEJfsXCZpCw=/fit-in/200x150/pic708062.jpg", "minPlayers": 3, "maxPlayers": 4, "playingTime": 120, "isExpansion": false, "yearPublished": 1999, "bggRating": 0.0, "averageRating": 7.20035, "rank": 312, "numPlays": 0, "rating": -1.0, "owned": true, "preOrdered": false, "forTrade": false, "previousOwned": false, "want": false, "wantToPlay": false, "wantToBuy": false, "wishList": false, "userComment": "" },
  { "gameId": 21101, "name": "De Kolonisten van Catan: De Diamanten", "image": "https://cf.geekdo-images.com/original/img/HU38L7_uTQuROl-7df5HAHJgmgo=/0x0/pic123506.jpg", "thumbnail": "https://cf.geekdo-images.com/thumb/img/IkKMRq23Fk8Fh2kxJfza42wsv0g=/fit-in/200x150/pic123506.jpg", "minPlayers": 3, "maxPlayers": 6, "playingTime": 90, "isExpansion": true, "yearPublished": 2005, "bggRating": 0.0, "averageRating": 6.59259, "rank": -1, "numPlays": 0, "rating": -1.0, "owned": true, "preOrdered": false, "forTrade": false, "previousOwned": false, "want": false, "wantToPlay": false, "wantToBuy": false, "wishList": false, "userComment": "" },
  { "gameId": 21097, "name": "De Kolonisten van Catan: De Koloniën", "image": "https://cf.geekdo-images.com/original/img/UZR_lOm9PUB0GB0vnXX6OqadWyU=/0x0/pic313119.jpg", "thumbnail": "https://cf.geekdo-images.com/thumb/img/yLpSFq5wFhbMeHJInnrk_gqOKb8=/fit-in/200x150/pic313119.jpg", "minPlayers": 3, "maxPlayers": 4, "playingTime": 90, "isExpansion": true, "yearPublished": 2005, "bggRating": 0.0, "averageRating": 7.17692, "rank": -1, "numPlays": 0, "rating": -1.0, "owned": true, "preOrdered": false, "forTrade": false, "previousOwned": false, "want": false, "wantToPlay": false, "wantToBuy": false, "wishList": false, "userComment": "" },
  { "gameId": 21443, "name": "De Kolonisten van Catan: De Specialisten", "image": "https://cf.geekdo-images.com/original/img/LGsyg3Rc63rm2klTaX42J3S6IoY=/0x0/pic654178.jpg", "thumbnail": "https://cf.geekdo-images.com/thumb/img/uC-U57cFf8FjJ5vB_gDgECyN2l0=/fit-in/200x150/pic654178.jpg", "minPlayers": 3, "maxPlayers": 4, "playingTime": 100, "isExpansion": true, "yearPublished": 2005, "bggRating": 0.0, "averageRating": 6.77397, "rank": -1, "numPlays": 0, "rating": -1.0, "owned": true, "preOrdered": false, "forTrade": false, "previousOwned": false, "want": false, "wantToPlay": false, "wantToBuy": false, "wishList": false, "userComment": "" },
  { "gameId": 21100, "name": "De Kolonisten van Catan: De Wereldwonderen", "image": "https://cf.geekdo-images.com/original/img/DlIjUX5AuPO2-AZUFzr7t0n9hCQ=/0x0/pic123663.jpg", "thumbnail": "https://cf.geekdo-images.com/thumb/img/-wSda9waoX2z4WRXK6lYvZPlS7Q=/fit-in/200x150/pic123663.jpg", "minPlayers": 3, "maxPlayers": 6, "playingTime": 90, "isExpansion": true, "yearPublished": 2005, "bggRating": 0.0, "averageRating": 6.80267, "rank": -1, "numPlays": 0, "rating": -1.0, "owned": true, "preOrdered": false, "forTrade": false, "previousOwned": false, "want": false, "wantToPlay": false, "wantToBuy": false, "wishList": false, "userComment": "" },
  { "gameId": 21098, "name": "De Kolonisten van Catan: De Woestijnruiters", "image": "https://cf.geekdo-images.com/original/img/TRECyvUYAg5GYc6AomeLLE4tkqY=/0x0/pic123693.jpg", "thumbnail": "https://cf.geekdo-images.com/thumb/img/59a-AgqHQlVnG6Z_-hmNHuCYluE=/fit-in/200x150/pic123693.jpg", "minPlayers": 3, "maxPlayers": 6, "playingTime": 90, "isExpansion": true, "yearPublished": 2005, "bggRating": 0.0, "averageRating": 6.868, "rank": -1, "numPlays": 0, "rating": -1.0, "owned": true, "preOrdered": false, "forTrade": false, "previousOwned": false, "want": false, "wantToPlay": false, "wantToBuy": false, "wishList": false, "userComment": "" },
  { "gameId": 325, "name": "De Kolonisten van Catan: De Zeevaarders", "image": "https://cf.geekdo-images.com/original/img/xB7_NjqMh_4Otw8w1yZJs1PMbpE=/0x0/pic1281970.jpg", "thumbnail": "https://cf.geekdo-images.com/thumb/img/8aLyHftVDOnNWDm0TGaC_v_pTtA=/fit-in/200x150/pic1281970.jpg", "minPlayers": 3, "maxPlayers": 4, "playingTime": 90, "isExpansion": true, "yearPublished": 1999, "bggRating": 0.0, "averageRating": 7.16186, "rank": -1, "numPlays": 0, "rating": -1.0, "owned": true, "preOrdered": false, "forTrade": false, "previousOwned": false, "want": false, "wantToPlay": false, "wantToBuy": false, "wishList": false, "userComment": "" },
  { "gameId": 27710, "name": "De Kolonisten van Catan: Het Dobbelspel", "image": "https://cf.geekdo-images.com/original/img/UIPuSrXYNimEkKA5IHZaEaGkEYg=/0x0/pic295415.jpg", "thumbnail": "https://cf.geekdo-images.com/thumb/img/-yGPT4qBuwGA6LpYuOVGj3556pA=/fit-in/200x150/pic295415.jpg", "minPlayers": 1, "maxPlayers": 4, "playingTime": 15, "isExpansion": false, "yearPublished": 2008, "bggRating": 0.0, "averageRating": 5.69159, "rank": 5689, "numPlays": 0, "rating": -1.0, "owned": true, "preOrdered": false, "forTrade": false, "previousOwned": false, "want": false, "wantToPlay": false, "wantToBuy": false, "wishList": false, "userComment": "" },
  { "gameId": 21099, "name": "De Kolonisten van Catan: Het Grote Kanaal", "image": "https://cf.geekdo-images.com/original/img/W2rGzxxDM_56lRYiNkdPPz8DWuk=/0x0/pic123592.jpg", "thumbnail": "https://cf.geekdo-images.com/thumb/img/4d2H7l_kadPOf_jC9KKmmUhlGUw=/fit-in/200x150/pic123592.jpg", "minPlayers": 3, "maxPlayers": 6, "playingTime": 90, "isExpansion": true, "yearPublished": 2005, "bggRating": 0.0, "averageRating": 6.47541, "rank": -1, "numPlays": 0, "rating": -1.0, "owned": true, "preOrdered": false, "forTrade": false, "previousOwned": false, "want": false, "wantToPlay": false, "wantToBuy": false, "wishList": false, "userComment": "" },
  { "gameId": 22766, "name": "De Kolonisten van Catan: Het Kaartspel voor 2 Spelers – Jubileumuitgave 10 jaar Catan (Tin)", "image": "https://cf.geekdo-images.com/original/img/1ZNIeyrzhqZzqCU-U_M8UroIV9I=/0x0/pic713462.jpg", "thumbnail": "https://cf.geekdo-images.com/thumb/img/HFQIyPrUOyOp0I4uFx2XuGzrtkg=/fit-in/200x150/pic713462.jpg", "minPlayers": 2, "maxPlayers": 2, "playingTime": 60, "isExpansion": false, "yearPublished": 2007, "bggRating": 0.0, "averageRating": 7.626, "rank": -1, "numPlays": 0, "rating": -1.0, "owned": true, "preOrdered": false, "forTrade": false, "previousOwned": false, "want": false, "wantToPlay": false, "wantToBuy": false, "wishList": false, "userComment": "" },
  { "gameId": 1361, "name": "De Kolonisten van Catan: Historische Scenario's II", "image": "https://cf.geekdo-images.com/original/img/G_OJBVAHgUtMOgr64Pc017WKHdw=/0x0/pic319503.jpg", "thumbnail": "https://cf.geekdo-images.com/thumb/img/hRuZfO0eoVrZqwH0GlIbFVridr0=/fit-in/200x150/pic319503.jpg", "minPlayers": 4, "maxPlayers": 6, "playingTime": 90, "isExpansion": true, "yearPublished": 2004, "bggRating": 0.0, "averageRating": 6.92987, "rank": -1, "numPlays": 0, "rating": -1.0, "owned": true, "preOrdered": false, "forTrade": false, "previousOwned": false, "want": false, "wantToPlay": false, "wantToBuy": false, "wishList": false, "userComment": "" },
  { "gameId": 52825, "name": "De Kolonisten van de Lage Landen", "image": "https://cf.geekdo-images.com/original/img/S7bX5Y54PPwKgQmZMZdZpWY1OFw=/0x0/pic542713.jpg", "thumbnail": "https://cf.geekdo-images.com/thumb/img/OqxkA4SwkD_tTEBcxopepkKXuJA=/fit-in/200x150/pic542713.jpg", "minPlayers": 3, "maxPlayers": 5, "playingTime": 75, "isExpansion": false, "yearPublished": 2009, "bggRating": 0.0, "averageRating": 6.44402, "rank": 5793, "numPlays": 0, "rating": -1.0, "owned": true, "preOrdered": false, "forTrade": false, "previousOwned": false, "want": false, "wantToPlay": false, "wantToBuy": false, "wishList": false, "userComment": "" },
  { "gameId": 127398, "name": "De Legenden van Andor", "image": "https://cf.geekdo-images.com/original/img/NSBp89unEGJ9BbIrdJ29xPGfm6U=/0x0/pic3633409.jpg", "thumbnail": "https://cf.geekdo-images.com/thumb/img/ag9rUW_lh8ASAPvrTWI5EV0kLVM=/fit-in/200x150/pic3633409.jpg", "minPlayers": 2, "maxPlayers": 4, "playingTime": 90, "isExpansion": false, "yearPublished": -1, "bggRating": 0.0, "averageRating": 7.25998, "rank": 325, "numPlays": 0, "rating": -1.0, "owned": true, "preOrdered": false, "forTrade": false, "previousOwned": false, "want": false, "wantToPlay": false, "wantToBuy": false, "wishList": false, "userComment": "" },
  { "gameId": 189030, "name": "De Slimste Mens ter Wereld: Het Bordspel", "image": "https://cf.geekdo-images.com/original/img/RoLrCEJSGEhi4oQbb4hNcmJ7Dg4=/0x0/pic3043103.png", "thumbnail": "https://cf.geekdo-images.com/thumb/img/m97fKsV4yhpTCrkDRAIdGHGD85Q=/fit-in/200x150/pic3043103.png", "minPlayers": 2, "maxPlayers": 4, "playingTime": 45, "isExpansion": false, "yearPublished": 2015, "bggRating": 0.0, "averageRating": 7.05299, "rank": 6800, "numPlays": 0, "rating": -1.0, "owned": true, "preOrdered": false, "forTrade": false, "previousOwned": false, "want": false, "wantToPlay": false, "wantToBuy": false, "wishList": false, "userComment": "" },
  { "gameId": 263345, "name": "De Slimste Mens ter Wereld: Het Bordspel – Uitbreidingsset", "image": "https://cf.geekdo-images.com/original/img/EyNMSBvN-rDxQXovnAqp7MTvOAI=/0x0/pic4374421.jpg", "thumbnail": "https://cf.geekdo-images.com/thumb/img/Xe_zPzIU1_gflTw5rUw4b9zJg0s=/fit-in/200x150/pic4374421.jpg", "minPlayers": 2, "maxPlayers": 6, "playingTime": 60, "isExpansion": true, "yearPublished": 2017, "bggRating": 0.0, "averageRating": 7.875, "rank": -1, "numPlays": 0, "rating": -1.0, "owned": true, "preOrdered": false, "forTrade": false, "previousOwned": false, "want": false, "wantToPlay": false, "wantToBuy": false, "wishList": false, "userComment": "" },
  { "gameId": 555, "name": "De Vorsten van Florence", "image": "https://cf.geekdo-images.com/original/img/X591inflcDeM7aGbBkbUDwWhR0Q=/0x0/pic211799.jpg", "thumbnail": "https://cf.geekdo-images.com/thumb/img/Uo3OHoGgmZPwqmpWRGZkZdtWLM8=/fit-in/200x150/pic211799.jpg", "minPlayers": 2, "maxPlayers": 5, "playingTime": 100, "isExpansion": false, "yearPublished": 2007, "bggRating": 0.0, "averageRating": 7.55396, "rank": 131, "numPlays": 0, "rating": -1.0, "owned": true, "preOrdered": false, "forTrade": false, "previousOwned": false, "want": false, "wantToPlay": false, "wantToBuy": false, "wishList": false, "userComment": "" },
  { "gameId": 13004, "name": "Der Untergang von Pompeji", "image": "https://cf.geekdo-images.com/original/img/0tbgOmsHhnt-i6juhZsLERfsnqw=/0x0/pic54712.jpg", "thumbnail": "https://cf.geekdo-images.com/thumb/img/qoXIKmiFi4ODvlVfAfMCXAse1pk=/fit-in/200x150/pic54712.jpg", "minPlayers": 2, "maxPlayers": 4, "playingTime": 45, "isExpansion": false, "yearPublished": 2004, "bggRating": 0.0, "averageRating": 7.13264, "rank": 475, "numPlays": 0, "rating": -1.0, "owned": false, "preOrdered": false, "forTrade": false, "previousOwned": false, "want": false, "wantToPlay": false, "wantToBuy": false, "wishList": false, "userComment": "" },
  { "gameId": 137937, "name": "Dino-Alarm!", "image": "https://cf.geekdo-images.com/original/img/n3CLPit58UfZXxrLe42nsuiFmUU=/0x0/pic1562463.jpg", "thumbnail": "https://cf.geekdo-images.com/thumb/img/UWHwotckC3k5yzM8v6ReucoQpA0=/fit-in/200x150/pic1562463.jpg", "minPlayers": 2, "maxPlayers": 6, "playingTime": 15, "isExpansion": false, "yearPublished": 2012, "bggRating": 0.0, "averageRating": 5.80769, "rank": -1, "numPlays": 0, "rating": -1.0, "owned": true, "preOrdered": false, "forTrade": false, "previousOwned": false, "want": false, "wantToPlay": false, "wantToBuy": false, "wishList": false, "userComment": "" },
  { "gameId": 124900, "name": "Disney Princess Magic Wand Game", "image": "https://cf.geekdo-images.com/original/img/ZiABW7TkLb2-mTYwiPfee-zTqWA=/0x0/pic1398628.png", "thumbnail": "https://cf.geekdo-images.com/thumb/img/b09Z8eivBDw_jEggDfg8Jp8FY-0=/fit-in/200x150/pic1398628.png", "minPlayers": 2, "maxPlayers": 4, "playingTime": 10, "isExpansion": false, "yearPublished": 2011, "bggRating": 0.0, "averageRating": 5.0, "rank": -1, "numPlays": 0, "rating": -1.0, "owned": true, "preOrdered": false, "forTrade": false, "previousOwned": false, "want": false, "wantToPlay": false, "wantToBuy": false, "wishList": false, "userComment": "" },
  { "gameId": 36218, "name": "Dominion", "image": "https://cf.geekdo-images.com/original/img/oN8CHUZ8CF6P1dFnhMCJXvE8SOk=/0x0/pic394356.jpg", "thumbnail": "https://cf.geekdo-images.com/thumb/img/iPlTR5cXFGrDuhupUgWGPjFjDPo=/fit-in/200x150/pic394356.jpg", "minPlayers": 2, "maxPlayers": 4, "playingTime": 30, "isExpansion": false, "yearPublished": 2008, "bggRating": 0.0, "averageRating": 7.64993, "rank": 75, "numPlays": 0, "rating": -1.0, "owned": true, "preOrdered": false, "forTrade": false, "previousOwned": false, "want": false, "wantToPlay": false, "wantToBuy": false, "wishList": false, "userComment": "" },
  { "gameId": 27982, "name": "Dr. Bibber Spoedoperatie", "image": "https://cf.geekdo-images.com/original/img/4M9vk3qFqd290JK6K95iu8xauWM=/0x0/pic798574.jpg", "thumbnail": "https://cf.geekdo-images.com/thumb/img/m942ejCBQT_yAJJ42BVjPBjEJSg=/fit-in/200x150/pic798574.jpg", "minPlayers": 2, "maxPlayers": 4, "playingTime": -1, "isExpansion": false, "yearPublished": 2007, "bggRating": 0.0, "averageRating": 5.81265, "rank": 13139, "numPlays": 0, "rating": -1.0, "owned": true, "preOrdered": false, "forTrade": false, "previousOwned": false, "want": false, "wantToPlay": false, "wantToBuy": false, "wishList": false, "userComment": "" },
  { "gameId": 41302, "name": "Eerste boomgaard", "image": "https://cf.geekdo-images.com/original/img/31GORPy65PJlmgC7xQFM-zTRs4k=/0x0/pic2316158.jpg", "thumbnail": "https://cf.geekdo-images.com/thumb/img/kEVqWbeQYgKtKxKxJQN79ndmJiI=/fit-in/200x150/pic2316158.jpg", "minPlayers": 1, "maxPlayers": 4, "playingTime": 10, "isExpansion": false, "yearPublished": -1, "bggRating": 0.0, "averageRating": 6.78885, "rank": 2533, "numPlays": 0, "rating": -1.0, "owned": true, "preOrdered": false, "forTrade": false, "previousOwned": false, "want": false, "wantToPlay": false, "wantToBuy": false, "wishList": false, "userComment": "" },
  { "gameId": 8924, "name": "Eierdans", "image": "https://cf.geekdo-images.com/original/img/xU7SJJoXZCys7DmQnKhFAngajN4=/0x0/pic2560410.jpg", "thumbnail": "https://cf.geekdo-images.com/thumb/img/Wa9ITZfUm4c_qWtDRv5sqUULrMg=/fit-in/200x150/pic2560410.jpg", "minPlayers": 2, "maxPlayers": 4, "playingTime": 10, "isExpansion": false, "yearPublished": 2003, "bggRating": 0.0, "averageRating": 6.44084, "rank": 1897, "numPlays": 0, "rating": -1.0, "owned": true, "preOrdered": false, "forTrade": false, "previousOwned": false, "want": false, "wantToPlay": false, "wantToBuy": false, "wishList": false, "userComment": "" },
  { "gameId": 7320, "name": "Elefun", "image": "https://cf.geekdo-images.com/original/img/NRmvXSvqEweRlclTgvgLv_I0-ls=/0x0/pic1158553.jpg", "thumbnail": "https://cf.geekdo-images.com/thumb/img/NknE3iaiu5hQVDNYX4i8dklB-uA=/fit-in/200x150/pic1158553.jpg", "minPlayers": 2, "maxPlayers": 4, "playingTime": 10, "isExpansion": false, "yearPublished": 2009, "bggRating": 0.0, "averageRating": 4.49772, "rank": 16591, "numPlays": 0, "rating": -1.0, "owned": true, "preOrdered": false, "forTrade": false, "previousOwned": false, "want": false, "wantToPlay": false, "wantToBuy": false, "wishList": false, "userComment": "" },
  { "gameId": 18931, "name": "Emira", "image": "https://cf.geekdo-images.com/original/img/ZPBQAuZe-b4_WapuE-e8z-KYcgY=/0x0/pic1020540.jpg", "thumbnail": "https://cf.geekdo-images.com/thumb/img/SSfJYkHsUVVOJ8cKlSOtaTgY154=/fit-in/200x150/pic1020540.jpg", "minPlayers": 3, "maxPlayers": 5, "playingTime": 100, "isExpansion": false, "yearPublished": 2006, "bggRating": 0.0, "averageRating": 5.99112, "rank": 4493, "numPlays": 0, "rating": -1.0, "owned": true, "preOrdered": false, "forTrade": false, "previousOwned": false, "want": false, "wantToPlay": false, "wantToBuy": false, "wishList": false, "userComment": "" },
  { "gameId": 204836, "name": "Escape Room: The Game", "image": "https://cf.geekdo-images.com/original/img/PaEHgivIK3qqMch4f_8l3SVCDjQ=/0x0/pic3187636.jpg", "thumbnail": "https://cf.geekdo-images.com/thumb/img/TqJhGSvi6clvcK704Ctmy76DLeo=/fit-in/200x150/pic3187636.jpg", "minPlayers": 3, "maxPlayers": 5, "playingTime": 60, "isExpansion": false, "yearPublished": 2016, "bggRating": 0.0, "averageRating": 7.23283, "rank": 812, "numPlays": 0, "rating": -1.0, "owned": true, "preOrdered": false, "forTrade": false, "previousOwned": false, "want": false, "wantToPlay": false, "wantToBuy": false, "wishList": false, "userComment": "" },
  { "gameId": 19419, "name": "Eufraat & Tigris: Het Kaartspel", "image": "https://cf.geekdo-images.com/original/img/VcZCZzxttUP8JuO8TE3_c3mXSmQ=/0x0/pic702695.jpg", "thumbnail": "https://cf.geekdo-images.com/thumb/img/iwNuBZPhzB4Q4LmQuStv0NFEZdg=/fit-in/200x150/pic702695.jpg", "minPlayers": 2, "maxPlayers": 4, "playingTime": 45, "isExpansion": false, "yearPublished": 2005, "bggRating": 0.0, "averageRating": 6.07324, "rank": 3539, "numPlays": 0, "rating": -1.0, "owned": true, "preOrdered": false, "forTrade": false, "previousOwned": false, "want": false, "wantToPlay": false, "wantToBuy": false, "wishList": false, "userComment": "" },
  { "gameId": 44163, "name": "Fabrieksmanager", "image": "https://cf.geekdo-images.com/original/img/4J0p2ASp43guS-qC1xlLQJbaUj8=/0x0/pic699343.jpg", "thumbnail": "https://cf.geekdo-images.com/thumb/img/iT4UnD342g1Z9F9pdnJpcgWbrHw=/fit-in/200x150/pic699343.jpg", "minPlayers": 2, "maxPlayers": 5, "playingTime": 60, "isExpansion": false, "yearPublished": 2010, "bggRating": 0.0, "averageRating": 6.87951, "rank": 742, "numPlays": 0, "rating": -1.0, "owned": true, "preOrdered": false, "forTrade": false, "previousOwned": false, "want": false, "wantToPlay": false, "wantToBuy": false, "wishList": false, "userComment": "" },
  { "gameId": 11415, "name": "Fantasy Warriors", "image": "https://cf.geekdo-images.com/original/img/I7tt_qlMpRT7YKX5cZv8FXmT0Pk=/0x0/pic710049.jpg", "thumbnail": "https://cf.geekdo-images.com/thumb/img/2AtGQqOSNrnGri_nV1By-7DD91I=/fit-in/200x150/pic710049.jpg", "minPlayers": 2, "maxPlayers": 4, "playingTime": 30, "isExpansion": false, "yearPublished": 2004, "bggRating": 0.0, "averageRating": 4.98706, "rank": 16557, "numPlays": 0, "rating": -1.0, "owned": true, "preOrdered": false, "forTrade": false, "previousOwned": false, "want": false, "wantToPlay": false, "wantToBuy": false, "wishList": false, "userComment": "" },
  { "gameId": 12199, "name": "Fantasy Warriors: De Draken Komen!", "image": "https://cf.geekdo-images.com/original/img/63sYQR2lMUHKi_fU-i65Xq0IBJ0=/0x0/pic902234.jpg", "thumbnail": "https://cf.geekdo-images.com/thumb/img/pkDdu1RXckaKJRZxYA7CdyB64KA=/fit-in/200x150/pic902234.jpg", "minPlayers": 2, "maxPlayers": 6, "playingTime": 30, "isExpansion": true, "yearPublished": 2004, "bggRating": 0.0, "averageRating": 5.26731, "rank": -1, "numPlays": 0, "rating": -1.0, "owned": true, "preOrdered": false, "forTrade": false, "previousOwned": false, "want": false, "wantToPlay": false, "wantToBuy": false, "wishList": false, "userComment": "" },
  { "gameId": 65244, "name": "Forbidden Island", "image": "https://cf.geekdo-images.com/original/img/GxHuu04GdLw8PAnt9SOYRU5gR1A=/0x0/pic646458.jpg", "thumbnail": "https://cf.geekdo-images.com/thumb/img/HHXWNMiV-E2KKATrDYd94EVAV_w=/fit-in/200x150/pic646458.jpg", "minPlayers": 2, "maxPlayers": 4, "playingTime": 30, "isExpansion": false, "yearPublished": 2010, "bggRating": 0.0, "averageRating": 6.82218, "rank": 627, "numPlays": 0, "rating": -1.0, "owned": true, "preOrdered": false, "forTrade": false, "previousOwned": false, "want": false, "wantToPlay": false, "wantToBuy": false, "wishList": false, "userComment": "" },
  { "gameId": 173090, "name": "The Game: Speel...zolang je kunt!", "image": "https://cf.geekdo-images.com/original/img/yTAQuo4a2Mpy7R7EJ3fZaNwhCSc=/0x0/pic2527156.jpg", "thumbnail": "https://cf.geekdo-images.com/thumb/img/Nvrj5OHnXEjZcPYzmW806Pmlsx4=/fit-in/200x150/pic2527156.jpg", "minPlayers": 1, "maxPlayers": 5, "playingTime": 20, "isExpansion": false, "yearPublished": 2015, "bggRating": 0.0, "averageRating": 6.71888, "rank": 917, "numPlays": 0, "rating": -1.0, "owned": true, "preOrdered": false, "forTrade": false, "previousOwned": false, "want": false, "wantToPlay": false, "wantToBuy": false, "wishList": false, "userComment": "" },
  { "gameId": 33182, "name": "Gekke gorilla's", "image": "https://cf.geekdo-images.com/original/img/I9J8Nkt5t7mXLdIfLtOqQKaQ74s=/0x0/pic281691.jpg", "thumbnail": "https://cf.geekdo-images.com/thumb/img/n6qfRAWVicpBOBkjLacwqOucz2A=/fit-in/200x150/pic281691.jpg", "minPlayers": 2, "maxPlayers": 2, "playingTime": 5, "isExpansion": false, "yearPublished": -1, "bggRating": 0.0, "averageRating": 5.28571, "rank": -1, "numPlays": 0, "rating": -1.0, "owned": true, "preOrdered": false, "forTrade": false, "previousOwned": false, "want": false, "wantToPlay": false, "wantToBuy": false, "wishList": false, "userComment": "" },
  { "gameId": 37120, "name": "Gepakt & Gezakt", "image": "https://cf.geekdo-images.com/original/img/-pn4_ze912sDs9cqmJxkmOV8U0c=/0x0/pic474093.jpg", "thumbnail": "https://cf.geekdo-images.com/thumb/img/g1rw7txQbFBDpM33RN5vZTwEx9M=/fit-in/200x150/pic474093.jpg", "minPlayers": 3, "maxPlayers": 6, "playingTime": 45, "isExpansion": false, "yearPublished": 2008, "bggRating": 0.0, "averageRating": 6.43275, "rank": 1726, "numPlays": 0, "rating": -1.0, "owned": true, "preOrdered": false, "forTrade": false, "previousOwned": false, "want": false, "wantToPlay": false, "wantToBuy": false, "wishList": false, "userComment": "" },
  { "gameId": 2401, "name": "Globetrotter", "image": "https://cf.geekdo-images.com/original/img/E49Z69djCk_vZ5NLI6134Q5-DEI=/0x0/pic1017812.png", "thumbnail": "https://cf.geekdo-images.com/thumb/img/DPbn-REn3XvnI5cCU9PNhI2gktg=/fit-in/200x150/pic1017812.png", "minPlayers": 2, "maxPlayers": 6, "playingTime": 90, "isExpansion": false, "yearPublished": -1, "bggRating": 0.0, "averageRating": 5.66786, "rank": 14617, "numPlays": 0, "rating": -1.0, "owned": true, "preOrdered": false, "forTrade": false, "previousOwned": false, "want": false, "wantToPlay": false, "wantToBuy": false, "wishList": false, "userComment": "" },
  { "gameId": 19100, "name": "Hacienda", "image": "https://cf.geekdo-images.com/original/img/MpKxdhWnm0ab0sY65jQh1JqQwDo=/0x0/pic427128.jpg", "thumbnail": "https://cf.geekdo-images.com/thumb/img/WxiptW06e9kVr51tYEPPNo6-3z0=/fit-in/200x150/pic427128.jpg", "minPlayers": 2, "maxPlayers": 5, "playingTime": 90, "isExpansion": false, "yearPublished": 2009, "bggRating": 0.0, "averageRating": 6.95981, "rank": 770, "numPlays": 0, "rating": -1.0, "owned": true, "preOrdered": false, "forTrade": false, "previousOwned": false, "want": false, "wantToPlay": false, "wantToBuy": false, "wishList": false, "userComment": "" },
  { "gameId": 2944, "name": "Halli Galli", "image": "https://cf.geekdo-images.com/original/img/ip-K8WOLY449cJ7vKxWE4rQkiqs=/0x0/pic460118.jpg", "thumbnail": "https://cf.geekdo-images.com/thumb/img/Qpj3iNkwF4C9vlcQFfEqeYS7c_c=/fit-in/200x150/pic460118.jpg", "minPlayers": 2, "maxPlayers": 6, "playingTime": 10, "isExpansion": false, "yearPublished": 2001, "bggRating": 0.0, "averageRating": 5.79723, "rank": 4789, "numPlays": 0, "rating": -1.0, "owned": true, "preOrdered": false, "forTrade": false, "previousOwned": false, "want": false, "wantToPlay": false, "wantToBuy": false, "wishList": false, "userComment": "" },
  { "gameId": 8989, "name": "Hanze", "image": "https://cf.geekdo-images.com/original/img/MpWCq9msA5Rg90L-l-cx29cHWJc=/0x0/pic4129509.jpg", "thumbnail": "https://cf.geekdo-images.com/thumb/img/QGq6zaGwejIObBKQa_7Zb_Uit8k=/fit-in/200x150/pic4129509.jpg", "minPlayers": 2, "maxPlayers": 4, "playingTime": 60, "isExpansion": false, "yearPublished": 2004, "bggRating": 0.0, "averageRating": 6.89706, "rank": 764, "numPlays": 0, "rating": -1.0, "owned": true, "preOrdered": false, "forTrade": false, "previousOwned": false, "want": false, "wantToPlay": false, "wantToBuy": false, "wishList": false, "userComment": "" },
  { "gameId": 8450, "name": "Hector en Achilles", "image": "https://cf.geekdo-images.com/original/img/Z7HUaHxHBqLMLJA_Sg20bcmuph0=/0x0/pic322061.jpg", "thumbnail": "https://cf.geekdo-images.com/thumb/img/qgjFvpWZHjnS1ogejaSKRqm-otg=/fit-in/200x150/pic322061.jpg", "minPlayers": 2, "maxPlayers": 2, "playingTime": 30, "isExpansion": false, "yearPublished": 2003, "bggRating": 0.0, "averageRating": 5.47183, "rank": 14506, "numPlays": 0, "rating": -1.0, "owned": true, "preOrdered": false, "forTrade": false, "previousOwned": false, "want": false, "wantToPlay": false, "wantToBuy": false, "wishList": false, "userComment": "" },
  { "gameId": 22192, "name": "HeroQuest: Nieuwe Editie", "image": "https://cf.geekdo-images.com/original/img/mFwAIVazfH8-NIAnovzzWtuyK-M=/0x0/pic1612158.jpg", "thumbnail": "https://cf.geekdo-images.com/thumb/img/UueRJixAh4ySlTg6l_VvL7DNUpI=/fit-in/200x150/pic1612158.jpg", "minPlayers": 2, "maxPlayers": 5, "playingTime": 90, "isExpansion": false, "yearPublished": 1992, "bggRating": 0.0, "averageRating": 7.26173, "rank": 1458, "numPlays": 0, "rating": -1.0, "owned": true, "preOrdered": false, "forTrade": false, "previousOwned": false, "want": false, "wantToPlay": false, "wantToBuy": false, "wishList": false, "userComment": "" },
  { "gameId": 104006, "name": "Het Dorp", "image": "https://cf.geekdo-images.com/original/img/c_dYrfyNrVAP97wZF6LGyvnmiPU=/0x0/pic1366470.jpg", "thumbnail": "https://cf.geekdo-images.com/thumb/img/G9jNW2vORxTZKr-L11JVr4CyKxo=/fit-in/200x150/pic1366470.jpg", "minPlayers": 2, "maxPlayers": 4, "playingTime": 90, "isExpansion": false, "yearPublished": 2012, "bggRating": 0.0, "averageRating": 7.5497, "rank": 118, "numPlays": 0, "rating": -1.0, "owned": true, "preOrdered": false, "forTrade": false, "previousOwned": false, "want": false, "wantToPlay": false, "wantToBuy": false, "wishList": false, "userComment": "" },
  { "gameId": 184207, "name": "Het Koninkrijk Dominion", "image": "https://cf.geekdo-images.com/original/img/yW_DJoXXNj20jrSkgleYBScgVlk=/0x0/pic2695075.jpg", "thumbnail": "https://cf.geekdo-images.com/thumb/img/xPSZAiYyk_OnSY05zcBXHdQffmo=/fit-in/200x150/pic2695075.jpg", "minPlayers": 2, "maxPlayers": 4, "playingTime": 20, "isExpansion": false, "yearPublished": 2015, "bggRating": 0.0, "averageRating": 6.67526, "rank": 8715, "numPlays": 0, "rating": -1.0, "owned": true, "preOrdered": false, "forTrade": false, "previousOwned": false, "want": false, "wantToPlay": false, "wantToBuy": false, "wishList": false, "userComment": "" },
  { "gameId": 1604, "name": "Het MAD spel", "image": "https://cf.geekdo-images.com/original/img/mz_NjFfyQkBs6poFzQrNx3o8QCM=/0x0/pic863279.jpg", "thumbnail": "https://cf.geekdo-images.com/thumb/img/PA7stRoqZyIPE4sz867cHuAWEIw=/fit-in/200x150/pic863279.jpg", "minPlayers": 2, "maxPlayers": 4, "playingTime": 60, "isExpansion": false, "yearPublished": 1979, "bggRating": 0.0, "averageRating": 4.8836, "rank": 16641, "numPlays": 0, "rating": -1.0, "owned": true, "preOrdered": false, "forTrade": false, "previousOwned": false, "want": false, "wantToPlay": false, "wantToBuy": false, "wishList": false, "userComment": "" },
  { "gameId": 45984, "name": "Het Magische Spiegelspel", "image": "https://cf.geekdo-images.com/original/img/7RcQnrKUkTnqEeiLD197gRUv0Oo=/0x0/pic1048310.jpg", "thumbnail": "https://cf.geekdo-images.com/thumb/img/Rcq2XS1FsOTLlbL0VOzNdtUkFaA=/fit-in/200x150/pic1048310.jpg", "minPlayers": 2, "maxPlayers": 4, "playingTime": -1, "isExpansion": false, "yearPublished": 2008, "bggRating": 0.0, "averageRating": 6.41667, "rank": -1, "numPlays": 0, "rating": -1.0, "owned": true, "preOrdered": false, "forTrade": false, "previousOwned": false, "want": false, "wantToPlay": false, "wantToBuy": false, "wishList": false, "userComment": "" },
  { "gameId": 247, "name": "Hippe kippen", "image": "https://cf.geekdo-images.com/original/img/tWqJ0MNGxKXBkX5uBKe43Ba2mPs=/0x0/pic436169.jpg", "thumbnail": "https://cf.geekdo-images.com/thumb/img/0UdeLSeYx6k3vG1cVD9VfICKwAA=/fit-in/200x150/pic436169.jpg", "minPlayers": 2, "maxPlayers": 5, "playingTime": 45, "isExpansion": false, "yearPublished": -1, "bggRating": 0.0, "averageRating": 6.37579, "rank": 2646, "numPlays": 0, "rating": -1.0, "owned": true, "preOrdered": false, "forTrade": false, "previousOwned": false, "want": false, "wantToPlay": false, "wantToBuy": false, "wishList": false, "userComment": "" },
  { "gameId": 5895, "name": "Hippo Hap", "image": "https://cf.geekdo-images.com/original/img/dNbsWKrhpM-ARV5w_ZvHHQ-KBRk=/0x0/pic1175006.jpg", "thumbnail": "https://cf.geekdo-images.com/thumb/img/TVafRt3q2kjhQxXxEafMz0AACMU=/fit-in/200x150/pic1175006.jpg", "minPlayers": 2, "maxPlayers": 4, "playingTime": 10, "isExpansion": false, "yearPublished": 2009, "bggRating": 0.0, "averageRating": 4.10582, "rank": 16686, "numPlays": 0, "rating": -1.0, "owned": true, "preOrdered": false, "forTrade": false, "previousOwned": false, "want": false, "wantToPlay": false, "wantToBuy": false, "wishList": false, "userComment": "" },
  { "gameId": 13308, "name": "Iguazu", "image": "https://cf.geekdo-images.com/original/img/UY8JnNKvcNYFT4o6bA3qQ-7IoE0=/0x0/pic211784.jpg", "thumbnail": "https://cf.geekdo-images.com/thumb/img/lUXPKhG1e0wNDxRfzNUaI0fWO6E=/fit-in/200x150/pic211784.jpg", "minPlayers": 3, "maxPlayers": 5, "playingTime": 45, "isExpansion": false, "yearPublished": 2005, "bggRating": 0.0, "averageRating": 6.5163, "rank": 1184, "numPlays": 0, "rating": -1.0, "owned": true, "preOrdered": false, "forTrade": false, "previousOwned": false, "want": false, "wantToPlay": false, "wantToBuy": false, "wishList": false, "userComment": "" },
  { "gameId": 1245, "name": "Isis & Osiris", "image": "https://cf.geekdo-images.com/original/img/Tx556om4p-OBBS2RNm4b-RcMC8s=/0x0/pic787621.jpg", "thumbnail": "https://cf.geekdo-images.com/thumb/img/UpI8WzXuj6RJBd2o8nShpdypGzA=/fit-in/200x150/pic787621.jpg", "minPlayers": 2, "maxPlayers": 4, "playingTime": 20, "isExpansion": false, "yearPublished": 2010, "bggRating": 0.0, "averageRating": 5.8116, "rank": 5567, "numPlays": 0, "rating": -1.0, "owned": true, "preOrdered": false, "forTrade": false, "previousOwned": false, "want": false, "wantToPlay": false, "wantToBuy": false, "wishList": false, "userComment": "" },
  { "gameId": 43890, "name": "Jenga Max", "image": "https://cf.geekdo-images.com/original/img/H5UbitEGCM6WbfRlwHkquoumNYY=/0x0/pic1160114.jpg", "thumbnail": "https://cf.geekdo-images.com/thumb/img/kxCYlMS_gaAHuQMdDXI-ap_Du30=/fit-in/200x150/pic1160114.jpg", "minPlayers": 2, "maxPlayers": 6, "playingTime": 20, "isExpansion": false, "yearPublished": 2009, "bggRating": 0.0, "averageRating": 4.92738, "rank": 15715, "numPlays": 0, "rating": -1.0, "owned": true, "preOrdered": false, "forTrade": false, "previousOwned": false, "want": false, "wantToPlay": false, "wantToBuy": false, "wishList": false, "userComment": "" },
  { "gameId": 8098, "name": "Jungle Speed", "image": "https://cf.geekdo-images.com/original/img/A3pF5pYRLY1cqOaKG9uA1NaPy5E=/0x0/pic1335448.jpg", "thumbnail": "https://cf.geekdo-images.com/thumb/img/iBEgpKUBTMgqcjUyLaU0_KXqDr8=/fit-in/200x150/pic1335448.jpg", "minPlayers": 2, "maxPlayers": 8, "playingTime": 10, "isExpansion": false, "yearPublished": -1, "bggRating": 0.0, "averageRating": 6.5423, "rank": 1162, "numPlays": 0, "rating": -1.0, "owned": true, "preOrdered": false, "forTrade": false, "previousOwned": false, "want": false, "wantToPlay": false, "wantToBuy": false, "wishList": false, "userComment": "" },
  { "gameId": 38391, "name": "Kakkerlakken Soep", "image": "https://cf.geekdo-images.com/original/img/6phBG18uyM0NzBpIIKsD14or9fY=/0x0/pic735695.jpg", "thumbnail": "https://cf.geekdo-images.com/thumb/img/Djndm50OSWK3xsaJdS1mm_i0fbk=/fit-in/200x150/pic735695.jpg", "minPlayers": 2, "maxPlayers": 6, "playingTime": 20, "isExpansion": false, "yearPublished": -1, "bggRating": 0.0, "averageRating": 6.10482, "rank": 4173, "numPlays": 0, "rating": -1.0, "owned": true, "preOrdered": false, "forTrade": false, "previousOwned": false, "want": false, "wantToPlay": false, "wantToBuy": false, "wishList": false, "userComment": "" },
  { "gameId": 32341, "name": "Kakkerlakkensalade", "image": "https://cf.geekdo-images.com/original/img/_ewTw3xr5XvdvdLAkFBaqjCQeG8=/0x0/pic1983096.jpg", "thumbnail": "https://cf.geekdo-images.com/thumb/img/Fm9BdKQOcQPWJEyLhTQ8X7aW2uk=/fit-in/200x150/pic1983096.jpg", "minPlayers": 2, "maxPlayers": 6, "playingTime": 20, "isExpansion": false, "yearPublished": -1, "bggRating": 0.0, "averageRating": 6.15623, "rank": 2614, "numPlays": 0, "rating": -1.0, "owned": true, "preOrdered": false, "forTrade": false, "previousOwned": false, "want": false, "wantToPlay": false, "wantToBuy": false, "wishList": false, "userComment": "" },
  { "gameId": 34585, "name": "Keltis", "image": "https://cf.geekdo-images.com/original/img/4VLxYHPZfJ_wTj515FwdjQUBnZs=/0x0/pic378441.jpg", "thumbnail": "https://cf.geekdo-images.com/thumb/img/HWIYXpp4wYf5Gyy8X_7eNZeMaK0=/fit-in/200x150/pic378441.jpg", "minPlayers": 2, "maxPlayers": 4, "playingTime": 30, "isExpansion": false, "yearPublished": 2008, "bggRating": 0.0, "averageRating": 6.43328, "rank": 1452, "numPlays": 0, "rating": -1.0, "owned": true, "preOrdered": false, "forTrade": false, "previousOwned": false, "want": false, "wantToPlay": false, "wantToBuy": false, "wishList": false, "userComment": "" },
  { "gameId": 70323, "name": "King of Tokyo", "image": "https://cf.geekdo-images.com/original/img/j_joBsiVgQoye25Ih8qvqDbysEc=/0x0/pic761434.jpg", "thumbnail": "https://cf.geekdo-images.com/thumb/img/-D5mmecXz8XzfM53LI60o3WrgTE=/fit-in/200x150/pic761434.jpg", "minPlayers": 2, "maxPlayers": 6, "playingTime": 30, "isExpansion": false, "yearPublished": 2012, "bggRating": 0.0, "averageRating": 7.2418, "rank": 251, "numPlays": 0, "rating": -1.0, "owned": true, "preOrdered": false, "forTrade": false, "previousOwned": false, "want": false, "wantToPlay": false, "wantToBuy": false, "wishList": false, "userComment": "" },
  { "gameId": 38516, "name": "Kleurenpalet", "image": "https://cf.geekdo-images.com/original/img/ctAoQSkSYMWg_718pKObVUjyxUs=/0x0/pic950493.jpg", "thumbnail": "https://cf.geekdo-images.com/thumb/img/FI_eUATu_OZrD8o1sEGgaacZmrs=/fit-in/200x150/pic950493.jpg", "minPlayers": 2, "maxPlayers": 4, "playingTime": 15, "isExpansion": false, "yearPublished": 2011, "bggRating": 0.0, "averageRating": 6.0, "rank": -1, "numPlays": 0, "rating": -1.0, "owned": true, "preOrdered": false, "forTrade": false, "previousOwned": false, "want": false, "wantToPlay": false, "wantToBuy": false, "wishList": false, "userComment": "" },
  { "gameId": 33845, "name": "Knibbel knabbel knuisje: het Hans en Grietje spel", "image": "https://cf.geekdo-images.com/original/img/pRybbzhZ5T_14bnOzv7uyh6ZbAk=/0x0/pic334475.jpg", "thumbnail": "https://cf.geekdo-images.com/thumb/img/dFR0qb5-VDIk28DOAgdjnXtt4Mw=/fit-in/200x150/pic334475.jpg", "minPlayers": 2, "maxPlayers": 4, "playingTime": 15, "isExpansion": false, "yearPublished": -1, "bggRating": 0.0, "averageRating": 4.955, "rank": -1, "numPlays": 0, "rating": -1.0, "owned": true, "preOrdered": false, "forTrade": false, "previousOwned": false, "want": false, "wantToPlay": false, "wantToBuy": false, "wishList": false, "userComment": "" },
  { "gameId": 28176, "name": "Koetje Boe", "image": "https://cf.geekdo-images.com/original/img/x5DC-zUzMAhcXVakqG0Jfx-8dng=/0x0/pic452371.jpg", "thumbnail": "https://cf.geekdo-images.com/thumb/img/UugZuto6nS6gPtDSUlmoe4fg6YQ=/fit-in/200x150/pic452371.jpg", "minPlayers": 2, "maxPlayers": 4, "playingTime": 45, "isExpansion": false, "yearPublished": 2005, "bggRating": 0.0, "averageRating": 5.15714, "rank": 14491, "numPlays": 0, "rating": -1.0, "owned": true, "preOrdered": false, "forTrade": false, "previousOwned": false, "want": false, "wantToPlay": false, "wantToBuy": false, "wishList": false, "userComment": "" },
  { "gameId": 109072, "name": "Le Jeu du Petit Chaperon rouge", "image": "https://cf.geekdo-images.com/original/img/yfDyw3q4ajrPmLzyRFFI5o0JW28=/0x0/pic1104926.jpg", "thumbnail": "https://cf.geekdo-images.com/thumb/img/mpziALSXZsIofq6yvY3bvOvleOs=/fit-in/200x150/pic1104926.jpg", "minPlayers": 2, "maxPlayers": 4, "playingTime": 30, "isExpansion": false, "yearPublished": 2010, "bggRating": 0.0, "averageRating": 3.0, "rank": -1, "numPlays": 0, "rating": -1.0, "owned": true, "preOrdered": false, "forTrade": false, "previousOwned": false, "want": false, "wantToPlay": false, "wantToBuy": false, "wishList": false, "userComment": "" },
  { "gameId": 54735, "name": "Lemming Maffia", "image": "https://cf.geekdo-images.com/original/img/mdZVrNn3VtyaG330inC_leDhS_c=/0x0/pic711985.jpg", "thumbnail": "https://cf.geekdo-images.com/thumb/img/6v9CYXW6rQ8beKghpdY2Ks9tRPk=/fit-in/200x150/pic711985.jpg", "minPlayers": 3, "maxPlayers": 6, "playingTime": 20, "isExpansion": false, "yearPublished": 2010, "bggRating": 0.0, "averageRating": 6.21141, "rank": 3389, "numPlays": 0, "rating": -1.0, "owned": true, "preOrdered": false, "forTrade": false, "previousOwned": false, "want": false, "wantToPlay": false, "wantToBuy": false, "wishList": false, "userComment": "" },
  { "gameId": 212873, "name": "Level 8: Das Kartenspiel", "image": "https://cf.geekdo-images.com/original/img/Rxh5rkR2DFbU-DIrptlYexRJxKY=/0x0/pic3248285.jpg", "thumbnail": "https://cf.geekdo-images.com/thumb/img/ZRLMsC-zNQ6anWsYRdVktcM8rlc=/fit-in/200x150/pic3248285.jpg", "minPlayers": 2, "maxPlayers": 6, "playingTime": 45, "isExpansion": false, "yearPublished": 2016, "bggRating": 0.0, "averageRating": 5.10128, "rank": 15283, "numPlays": 0, "rating": -1.0, "owned": true, "preOrdered": false, "forTrade": false, "previousOwned": false, "want": false, "wantToPlay": false, "wantToBuy": false, "wishList": false, "userComment": "" },
  { "gameId": 27296, "name": "Levensweg Wereldroem-editie", "image": "https://cf.geekdo-images.com/original/img/9p9NeDHx2GF9OVv_8IaXBlXe7R4=/0x0/pic998957.png", "thumbnail": "https://cf.geekdo-images.com/thumb/img/ReqrU6liD-66bTloREuRbxSPyWY=/fit-in/200x150/pic998957.png", "minPlayers": 2, "maxPlayers": 4, "playingTime": -1, "isExpansion": false, "yearPublished": 2005, "bggRating": 0.0, "averageRating": 4.31053, "rank": 15604, "numPlays": 0, "rating": -1.0, "owned": true, "preOrdered": false, "forTrade": false, "previousOwned": false, "want": false, "wantToPlay": false, "wantToBuy": false, "wishList": false, "userComment": "" },
  { "gameId": 143884, "name": "Machi Koro", "image": "https://cf.geekdo-images.com/original/img/z5oPWO9NrXGpuB7Hl6MGb4qw_RA=/0x0/pic2208805.jpg", "thumbnail": "https://cf.geekdo-images.com/thumb/img/vTCxIXgwKEtcDLwGTUztTUie5G8=/fit-in/200x150/pic2208805.jpg", "minPlayers": 2, "maxPlayers": 4, "playingTime": 30, "isExpansion": false, "yearPublished": 2015, "bggRating": 0.0, "averageRating": 6.67159, "rank": 819, "numPlays": 0, "rating": -1.0, "owned": true, "preOrdered": false, "forTrade": false, "previousOwned": false, "want": false, "wantToPlay": false, "wantToBuy": false, "wishList": false, "userComment": "" },
  { "gameId": 478, "name": "Machiavelli", "image": "https://cf.geekdo-images.com/original/img/d97MoD9hVuzM8Vj2SQf_fx0MkAE=/0x0/pic67399.jpg", "thumbnail": "https://cf.geekdo-images.com/thumb/img/8J7p8eD_6DnBkrNiThvTneZF5mQ=/fit-in/200x150/pic67399.jpg", "minPlayers": 2, "maxPlayers": 8, "playingTime": 60, "isExpansion": false, "yearPublished": 2000, "bggRating": 0.0, "averageRating": 7.106, "rank": 351, "numPlays": 0, "rating": -1.0, "owned": true, "preOrdered": false, "forTrade": false, "previousOwned": false, "want": false, "wantToPlay": false, "wantToBuy": false, "wishList": false, "userComment": "" },
  { "gameId": 2240, "name": "Mad Kaartspel", "image": "https://cf.geekdo-images.com/original/img/elHiN1fhaxwhDHW9_9w1DXUsolk=/0x0/pic628979.jpg", "thumbnail": "https://cf.geekdo-images.com/thumb/img/XDzCh3ys1fHjr5cGk1H1emH4PUM=/fit-in/200x150/pic628979.jpg", "minPlayers": 2, "maxPlayers": 6, "playingTime": 30, "isExpansion": false, "yearPublished": 1980, "bggRating": 0.0, "averageRating": 5.76253, "rank": 9581, "numPlays": 0, "rating": -1.0, "owned": true, "preOrdered": false, "forTrade": false, "previousOwned": false, "want": false, "wantToPlay": false, "wantToBuy": false, "wishList": false, "userComment": "" },
  { "gameId": 3267, "name": "Magelaen", "image": "https://cf.geekdo-images.com/original/img/ma1jk5foqhUg9DQBpTytGNWri-c=/0x0/pic83534.jpg", "thumbnail": "https://cf.geekdo-images.com/thumb/img/i0znpWvV16G8td62tQoVfqYZRq8=/fit-in/200x150/pic83534.jpg", "minPlayers": 3, "maxPlayers": 6, "playingTime": 45, "isExpansion": false, "yearPublished": 2002, "bggRating": 0.0, "averageRating": 6.55735, "rank": 1968, "numPlays": 0, "rating": -1.0, "owned": true, "preOrdered": false, "forTrade": false, "previousOwned": false, "want": false, "wantToPlay": false, "wantToBuy": false, "wishList": false, "userComment": "" },
  { "gameId": 2392, "name": "Mastermind", "image": "https://cf.geekdo-images.com/original/img/cweP34LBP_h8Z9sSjuJLOPhZS84=/0x0/pic1075611.jpg", "thumbnail": "https://cf.geekdo-images.com/thumb/img/ztqtuxIhG1SE-7JwCGrAAv7iWZk=/fit-in/200x150/pic1075611.jpg", "minPlayers": 2, "maxPlayers": 2, "playingTime": 20, "isExpansion": false, "yearPublished": -1, "bggRating": 0.0, "averageRating": 5.50001, "rank": 15448, "numPlays": 0, "rating": -1.0, "owned": true, "preOrdered": false, "forTrade": false, "previousOwned": false, "want": false, "wantToPlay": false, "wantToBuy": false, "wishList": false, "userComment": "" },
  { "gameId": 1261, "name": "Medina", "image": "https://cf.geekdo-images.com/original/img/J1StcYuKRSDHxqvZZi5xO4pncDg=/0x0/pic201983.jpg", "thumbnail": "https://cf.geekdo-images.com/thumb/img/KQ7gxSy1CvUhjXmiMivsjjoIj9o=/fit-in/200x150/pic201983.jpg", "minPlayers": 3, "maxPlayers": 4, "playingTime": 60, "isExpansion": false, "yearPublished": 2002, "bggRating": 0.0, "averageRating": 7.06607, "rank": 801, "numPlays": 0, "rating": -1.0, "owned": true, "preOrdered": false, "forTrade": false, "previousOwned": false, "want": false, "wantToPlay": false, "wantToBuy": false, "wishList": false, "userComment": "" },
  { "gameId": 19301, "name": "Mesopotamië", "image": "https://cf.geekdo-images.com/original/img/KuTxUBzl-zPQk8ZNJn9Wa7MGLf4=/0x0/pic210692.jpg", "thumbnail": "https://cf.geekdo-images.com/thumb/img/Ha-b3hjSrxVzl6I4gtonRdFdmSA=/fit-in/200x150/pic210692.jpg", "minPlayers": 2, "maxPlayers": 4, "playingTime": 45, "isExpansion": false, "yearPublished": 2005, "bggRating": 0.0, "averageRating": 6.54904, "rank": 1907, "numPlays": 0, "rating": -1.0, "owned": true, "preOrdered": false, "forTrade": false, "previousOwned": false, "want": false, "wantToPlay": false, "wantToBuy": false, "wishList": false, "userComment": "" },
  { "gameId": 137855, "name": "Millennium Quiz", "image": "", "thumbnail": "", "minPlayers": 2, "maxPlayers": 6, "playingTime": -1, "isExpansion": false, "yearPublished": 1998, "bggRating": 0.0, "averageRating": 5.0, "rank": -1, "numPlays": 0, "rating": -1.0, "owned": true, "preOrdered": false, "forTrade": false, "previousOwned": false, "want": false, "wantToPlay": false, "wantToBuy": false, "wishList": false, "userComment": "" },
  { "gameId": 41186, "name": "Monopoly City", "image": "https://cf.geekdo-images.com/original/img/-Pk6ssZBhrVMVLNf00Bsi7gupyc=/0x0/pic1197100.jpg", "thumbnail": "https://cf.geekdo-images.com/thumb/img/IstdaO5grMxZCj5MZmK5tcbXzkU=/fit-in/200x150/pic1197100.jpg", "minPlayers": 2, "maxPlayers": 6, "playingTime": 75, "isExpansion": false, "yearPublished": 2008, "bggRating": 0.0, "averageRating": 5.63473, "rank": 14031, "numPlays": 0, "rating": -1.0, "owned": true, "preOrdered": false, "forTrade": false, "previousOwned": false, "want": false, "wantToPlay": false, "wantToBuy": false, "wishList": false, "userComment": "" },
  { "gameId": 40398, "name": "Monopoly Deal Kaartspel/Jeu de Cartes", "image": "https://cf.geekdo-images.com/original/img/wUBuLScaLPGHU3o06lc4jCl2Q4g=/0x0/pic1755555.jpg", "thumbnail": "https://cf.geekdo-images.com/thumb/img/L83cEamRNfoluRs4kWqw3O_I58E=/fit-in/200x150/pic1755555.jpg", "minPlayers": 2, "maxPlayers": 5, "playingTime": 15, "isExpansion": false, "yearPublished": 2008, "bggRating": 0.0, "averageRating": 6.26516, "rank": 1894, "numPlays": 0, "rating": -1.0, "owned": true, "preOrdered": false, "forTrade": false, "previousOwned": false, "want": false, "wantToPlay": false, "wantToBuy": false, "wishList": false, "userComment": "" },
  { "gameId": 5339, "name": "Monopoly Junior", "image": "https://cf.geekdo-images.com/original/img/ohwWKRkRokhPZCenuho3svN_qfs=/0x0/pic1197118.jpg", "thumbnail": "https://cf.geekdo-images.com/thumb/img/GzCHp1zrSrxP0cjIaWxc61bq0GM=/fit-in/200x150/pic1197118.jpg", "minPlayers": 2, "maxPlayers": 4, "playingTime": 45, "isExpansion": false, "yearPublished": 2001, "bggRating": 0.0, "averageRating": 4.30815, "rank": 16672, "numPlays": 0, "rating": -1.0, "owned": true, "preOrdered": false, "forTrade": false, "previousOwned": false, "want": false, "wantToPlay": false, "wantToBuy": false, "wishList": false, "userComment": "" },
  { "gameId": 181304, "name": "Mysterium", "image": "https://cf.geekdo-images.com/original/img/0Roco0dhRvVW8QUZjUl2N-Yn9bg=/0x0/pic2601683.jpg", "thumbnail": "https://cf.geekdo-images.com/thumb/img/J6CuMx6ErFJcgrQtqziiwTgviZI=/fit-in/200x150/pic2601683.jpg", "minPlayers": 2, "maxPlayers": 7, "playingTime": 42, "isExpansion": false, "yearPublished": 2015, "bggRating": 0.0, "averageRating": 7.41178, "rank": 181, "numPlays": 0, "rating": -1.0, "owned": true, "preOrdered": false, "forTrade": false, "previousOwned": false, "want": false, "wantToPlay": false, "wantToBuy": false, "wishList": false, "userComment": "" },
  { "gameId": 3154, "name": "Nautilus", "image": "https://cf.geekdo-images.com/original/img/yuzPaTR5B-dDn9zerEzeR8cCbvs=/0x0/pic88264.jpg", "thumbnail": "https://cf.geekdo-images.com/thumb/img/J6WooTJ2MYV6a67ObVvY6u2LY28=/fit-in/200x150/pic88264.jpg", "minPlayers": 2, "maxPlayers": 4, "playingTime": 120, "isExpansion": false, "yearPublished": 2003, "bggRating": 0.0, "averageRating": 6.38554, "rank": 2415, "numPlays": 0, "rating": -1.0, "owned": true, "preOrdered": false, "forTrade": false, "previousOwned": false, "want": false, "wantToPlay": false, "wantToBuy": false, "wishList": false, "userComment": "" },
  { "gameId": 13728, "name": "Naval Battles", "image": "https://cf.geekdo-images.com/original/img/fn5hMKO8dy9USfr3_uFJxCHE5rA=/0x0/pic710021.jpg", "thumbnail": "https://cf.geekdo-images.com/thumb/img/97gzBzDSNBElDHb9coInn2P-WT0=/fit-in/200x150/pic710021.jpg", "minPlayers": 2, "maxPlayers": 6, "playingTime": 30, "isExpansion": false, "yearPublished": 2004, "bggRating": 0.0, "averageRating": 5.93812, "rank": 4954, "numPlays": 0, "rating": -1.0, "owned": true, "preOrdered": false, "forTrade": false, "previousOwned": false, "want": false, "wantToPlay": false, "wantToBuy": false, "wishList": false, "userComment": "" },
  { "gameId": 4367, "name": "Nero: Erfgoed van een Despoot", "image": "https://cf.geekdo-images.com/original/img/BAq2q6TEcMNpkT-GWynOUb3Pq_M=/0x0/pic289187.jpg", "thumbnail": "https://cf.geekdo-images.com/thumb/img/tiHGICCOHly8OPnN9KO1xwIF-sQ=/fit-in/200x150/pic289187.jpg", "minPlayers": 3, "maxPlayers": 4, "playingTime": 100, "isExpansion": false, "yearPublished": 2002, "bggRating": 0.0, "averageRating": 3.64415, "rank": 16620, "numPlays": 0, "rating": -1.0, "owned": true, "preOrdered": false, "forTrade": false, "previousOwned": false, "want": false, "wantToPlay": false, "wantToBuy": false, "wishList": false, "userComment": "" },
  { "gameId": 104801, "name": "Nilo Kilo", "image": "https://cf.geekdo-images.com/original/img/FAe5dkvepsPUYikmJOj94bSdZks=/0x0/pic1143466.jpg", "thumbnail": "https://cf.geekdo-images.com/thumb/img/Wsoz9RnQXibzKdgw5fGCjpzmQ7w=/fit-in/200x150/pic1143466.jpg", "minPlayers": 2, "maxPlayers": 4, "playingTime": 15, "isExpansion": false, "yearPublished": 2011, "bggRating": 0.0, "averageRating": 5.86364, "rank": -1, "numPlays": 0, "rating": -1.0, "owned": true, "preOrdered": false, "forTrade": false, "previousOwned": false, "want": false, "wantToPlay": false, "wantToBuy": false, "wishList": false, "userComment": "" },
  { "gameId": 72957, "name": "Nino Delfino", "image": "https://cf.geekdo-images.com/original/img/SbmoHNBJcODXlAaJVo98TsHJKLE=/0x0/pic780701.jpg", "thumbnail": "https://cf.geekdo-images.com/thumb/img/u5LThOZSOz52aCS5Lq5RN-nff2M=/fit-in/200x150/pic780701.jpg", "minPlayers": 2, "maxPlayers": 4, "playingTime": 20, "isExpansion": false, "yearPublished": 2010, "bggRating": 0.0, "averageRating": 5.21569, "rank": 14569, "numPlays": 0, "rating": -1.0, "owned": true, "preOrdered": false, "forTrade": false, "previousOwned": false, "want": false, "wantToPlay": false, "wantToBuy": false, "wishList": false, "userComment": "" },
  { "gameId": 163412, "name": "Patchwork", "image": "https://cf.geekdo-images.com/original/img/8MeyV2t6IdPsCP6M-L1rYzNxBjo=/0x0/pic3128448.jpg", "thumbnail": "https://cf.geekdo-images.com/thumb/img/wkk80NXW2-_Tx1QL-Kc2oBhOaCQ=/fit-in/200x150/pic3128448.jpg", "minPlayers": 2, "maxPlayers": 2, "playingTime": 30, "isExpansion": false, "yearPublished": 2015, "bggRating": 0.0, "averageRating": 7.72539, "rank": 61, "numPlays": 0, "rating": -1.0, "owned": true, "preOrdered": false, "forTrade": false, "previousOwned": false, "want": false, "wantToPlay": false, "wantToBuy": false, "wishList": false, "userComment": "" },
  { "gameId": 1950, "name": "Peking Mysteries", "image": "https://cf.geekdo-images.com/original/img/WrSpTOCOhHkGIlvqls9JWaxvAas=/0x0/pic174424.jpg", "thumbnail": "https://cf.geekdo-images.com/thumb/img/sVitgGEE9nCcenBskYC2c77_qmg=/fit-in/200x150/pic174424.jpg", "minPlayers": 2, "maxPlayers": 6, "playingTime": 30, "isExpansion": false, "yearPublished": 1987, "bggRating": 0.0, "averageRating": 5.71007, "rank": 7657, "numPlays": 0, "rating": -1.0, "owned": true, "preOrdered": false, "forTrade": false, "previousOwned": false, "want": false, "wantToPlay": false, "wantToBuy": false, "wishList": false, "userComment": "" },
  { "gameId": 38521, "name": "Piet Piraat: Schattenjacht", "image": "https://cf.geekdo-images.com/original/img/bjr9gexHQhCRWW9Nhv2j9tpR8EQ=/0x0/pic374771.jpg", "thumbnail": "https://cf.geekdo-images.com/thumb/img/wZw5RdjSqrBhG1PPUb3_MITP8bE=/fit-in/200x150/pic374771.jpg", "minPlayers": 2, "maxPlayers": 4, "playingTime": 20, "isExpansion": false, "yearPublished": 2003, "bggRating": 0.0, "averageRating": 4.0, "rank": -1, "numPlays": 0, "rating": -1.0, "owned": true, "preOrdered": false, "forTrade": false, "previousOwned": false, "want": false, "wantToPlay": false, "wantToBuy": false, "wishList": false, "userComment": "" },
  { "gameId": 2136, "name": "Plaag me niet!", "image": "https://cf.geekdo-images.com/original/img/qzluXZ2oloACgfZbj1M5_wcF1Bo=/0x0/pic516869.jpg", "thumbnail": "https://cf.geekdo-images.com/thumb/img/FJiS0gIQFiYNh7ieErSZDocYX94=/fit-in/200x150/pic516869.jpg", "minPlayers": 2, "maxPlayers": 6, "playingTime": 30, "isExpansion": false, "yearPublished": 1994, "bggRating": 0.0, "averageRating": 4.47209, "rank": 16683, "numPlays": 0, "rating": -1.0, "owned": true, "preOrdered": false, "forTrade": false, "previousOwned": false, "want": false, "wantToPlay": false, "wantToBuy": false, "wishList": false, "userComment": "" },
  { "gameId": 66976, "name": "Plop Grabbelpaddenstoel", "image": "https://cf.geekdo-images.com/original/img/p_NDjgDBaXASo01ubXOIs4EtmwE=/0x0/pic670834.jpg", "thumbnail": "https://cf.geekdo-images.com/thumb/img/Shj6_TFU4OTOO6HPgM7HrHmYk_c=/fit-in/200x150/pic670834.jpg", "minPlayers": 2, "maxPlayers": 4, "playingTime": 15, "isExpansion": false, "yearPublished": -1, "bggRating": 0.0, "averageRating": 4.0, "rank": -1, "numPlays": 0, "rating": -1.0, "owned": true, "preOrdered": false, "forTrade": false, "previousOwned": false, "want": false, "wantToPlay": false, "wantToBuy": false, "wishList": false, "userComment": "" },
  { "gameId": 1115, "name": "Poker", "image": "https://cf.geekdo-images.com/original/img/Z87dKNf_VtJMvqoF6ejjHcbBfIk=/0x0/pic186610.jpg", "thumbnail": "https://cf.geekdo-images.com/thumb/img/vwy7z2qT7CRqQo32WrNrtNyJq98=/fit-in/200x150/pic186610.jpg", "minPlayers": 2, "maxPlayers": 10, "playingTime": 60, "isExpansion": false, "yearPublished": 1810, "bggRating": 0.0, "averageRating": 6.70312, "rank": 915, "numPlays": 0, "rating": -1.0, "owned": true, "preOrdered": false, "forTrade": false, "previousOwned": false, "want": false, "wantToPlay": false, "wantToBuy": false, "wishList": false, "userComment": "" },
  { "gameId": 156009, "name": "Port Royal", "image": "https://cf.geekdo-images.com/original/img/6dD2ZsvGXbgh-TNBxjPGg_X5tFA=/0x0/pic2309230.png", "thumbnail": "https://cf.geekdo-images.com/thumb/img/3_-ZUwVrYkLetVqGBHcmd4j-37A=/fit-in/200x150/pic2309230.png", "minPlayers": 2, "maxPlayers": 5, "playingTime": 50, "isExpansion": false, "yearPublished": 2014, "bggRating": 0.0, "averageRating": 7.15328, "rank": 415, "numPlays": 0, "rating": -1.0, "owned": true, "preOrdered": false, "forTrade": false, "previousOwned": false, "want": false, "wantToPlay": false, "wantToBuy": false, "wishList": false, "userComment": "" },
  { "gameId": 106662, "name": "Power Grid: The First Sparks", "image": "https://cf.geekdo-images.com/original/img/pkQvgLAV-ckdmaT12Mggi62mr80=/0x0/pic1102960.jpg", "thumbnail": "https://cf.geekdo-images.com/thumb/img/zhvyqQziCJ12J6ZE9vENQMd4oeM=/fit-in/200x150/pic1102960.jpg", "minPlayers": 2, "maxPlayers": 6, "playingTime": 60, "isExpansion": false, "yearPublished": 2011, "bggRating": 0.0, "averageRating": 6.84491, "rank": 954, "numPlays": 0, "rating": -1.0, "owned": true, "preOrdered": false, "forTrade": false, "previousOwned": false, "want": false, "wantToPlay": false, "wantToBuy": false, "wishList": false, "userComment": "" },
  { "gameId": 25669, "name": "Qwirkle Travel", "image": "https://cf.geekdo-images.com/original/img/e6JH_FFIHbFwKklaJ58K6V1Vlro=/0x0/pic1988057.png", "thumbnail": "https://cf.geekdo-images.com/thumb/img/FZoA73HHUABiFuA8ic_MXnqOr3Q=/fit-in/200x150/pic1988057.png", "minPlayers": 2, "maxPlayers": 4, "playingTime": 45, "isExpansion": false, "yearPublished": 2014, "bggRating": 0.0, "averageRating": 6.79551, "rank": 699, "numPlays": 0, "rating": -1.0, "owned": true, "preOrdered": false, "forTrade": false, "previousOwned": false, "want": false, "wantToPlay": false, "wantToBuy": false, "wishList": false, "userComment": "" },
  { "gameId": 131260, "name": "Qwixx", "image": "https://cf.geekdo-images.com/original/img/5TLsVQwueg9cXJoiyZGUTT5oxbI=/0x0/pic1950487.jpg", "thumbnail": "https://cf.geekdo-images.com/thumb/img/4oktE2c6dYBnMM5gnIoS56klXkQ=/fit-in/200x150/pic1950487.jpg", "minPlayers": 2, "maxPlayers": 5, "playingTime": 15, "isExpansion": false, "yearPublished": 2012, "bggRating": 0.0, "averageRating": 6.89684, "rank": 695, "numPlays": 0, "rating": -1.0, "owned": true, "preOrdered": false, "forTrade": false, "previousOwned": false, "want": false, "wantToPlay": false, "wantToBuy": false, "wishList": false, "userComment": "" },
  { "gameId": 15818, "name": "Regenwormen", "image": "https://cf.geekdo-images.com/original/img/PwIj4H-PSZ0wQRE3OTWh2JXS7e8=/0x0/pic210633.jpg", "thumbnail": "https://cf.geekdo-images.com/thumb/img/k7Z3cZiF3t7xg6pZJteRyFosgyY=/fit-in/200x150/pic210633.jpg", "minPlayers": 2, "maxPlayers": 7, "playingTime": 20, "isExpansion": false, "yearPublished": 2005, "bggRating": 0.0, "averageRating": 6.54355, "rank": 1130, "numPlays": 0, "rating": -1.0, "owned": true, "preOrdered": false, "forTrade": false, "previousOwned": false, "want": false, "wantToPlay": false, "wantToBuy": false, "wishList": false, "userComment": "" },
  { "gameId": 66798, "name": "Regenwormen Barbecue", "image": "https://cf.geekdo-images.com/original/img/Og3OK10qD0GXPSuMKoxPtD80Kvg=/0x0/pic786969.jpg", "thumbnail": "https://cf.geekdo-images.com/thumb/img/-DhzjdsNdo4X5QIK2Db3RVH28rQ=/fit-in/200x150/pic786969.jpg", "minPlayers": 2, "maxPlayers": 5, "playingTime": 25, "isExpansion": false, "yearPublished": 2010, "bggRating": 0.0, "averageRating": 6.24176, "rank": 4665, "numPlays": 0, "rating": -1.0, "owned": true, "preOrdered": false, "forTrade": false, "previousOwned": false, "want": false, "wantToPlay": false, "wantToBuy": false, "wishList": false, "userComment": "" },
  { "gameId": 157505, "name": "Rijgspel op de boerderij", "image": "https://cf.geekdo-images.com/original/img/nXR-nPg_TSwDkGEgEgyoVL8zejc=/0x0/pic2285031.jpg", "thumbnail": "https://cf.geekdo-images.com/thumb/img/v27JiPdzsM1ZP70DhA27iUZokAc=/fit-in/200x150/pic2285031.jpg", "minPlayers": 1, "maxPlayers": 2, "playingTime": -1, "isExpansion": false, "yearPublished": -1, "bggRating": 0.0, "averageRating": 6.0, "rank": -1, "numPlays": 0, "rating": -1.0, "owned": true, "preOrdered": false, "forTrade": false, "previousOwned": false, "want": false, "wantToPlay": false, "wantToBuy": false, "wishList": false, "userComment": "" },
  { "gameId": 181, "name": "Risk", "image": "https://cf.geekdo-images.com/original/img/WuG0Gr4QPzxqOORSEU6iUI1JpVc=/0x0/pic1247019.jpg", "thumbnail": "https://cf.geekdo-images.com/thumb/img/z2qoDD4lTElu5OFkXwkij9vhEtg=/fit-in/200x150/pic1247019.jpg", "minPlayers": 2, "maxPlayers": 6, "playingTime": 120, "isExpansion": false, "yearPublished": 2004, "bggRating": 0.0, "averageRating": 5.57805, "rank": 15956, "numPlays": 0, "rating": -1.0, "owned": true, "preOrdered": false, "forTrade": false, "previousOwned": false, "want": false, "wantToPlay": false, "wantToBuy": false, "wishList": false, "userComment": "" },
  { "gameId": 28086, "name": "Risk Express", "image": "https://cf.geekdo-images.com/original/img/iShzDhrgmb9V66TED2J2Ai4CL6w=/0x0/pic576949.jpg", "thumbnail": "https://cf.geekdo-images.com/thumb/img/fUsGH4-tOorYgnk4Bf-W7N3EdXY=/fit-in/200x150/pic576949.jpg", "minPlayers": 2, "maxPlayers": 6, "playingTime": 20, "isExpansion": false, "yearPublished": 2006, "bggRating": 0.0, "averageRating": 6.27445, "rank": 3017, "numPlays": 0, "rating": -1.0, "owned": true, "preOrdered": false, "forTrade": false, "previousOwned": false, "want": false, "wantToPlay": false, "wantToBuy": false, "wishList": false, "userComment": "" },
  { "gameId": 172480, "name": "Roar! Catch the Monster", "image": "https://cf.geekdo-images.com/original/img/-MMmRebINNtr5RvsvpqFT3GPzr8=/0x0/pic2390992.png", "thumbnail": "https://cf.geekdo-images.com/thumb/img/Ln6rvgo6Tw2s41sZax2rILdihFQ=/fit-in/200x150/pic2390992.png", "minPlayers": 2, "maxPlayers": 4, "playingTime": 30, "isExpansion": false, "yearPublished": 2015, "bggRating": 0.0, "averageRating": 5.76894, "rank": 10942, "numPlays": 0, "rating": -1.0, "owned": true, "preOrdered": false, "forTrade": false, "previousOwned": false, "want": false, "wantToPlay": false, "wantToBuy": false, "wishList": false, "userComment": "" },
  { "gameId": 168215, "name": "Saboteur: Het Duel", "image": "https://cf.geekdo-images.com/original/img/TxxpOASA5RRKMDQq3jP5KjFhRGo=/0x0/pic2368458.png", "thumbnail": "https://cf.geekdo-images.com/thumb/img/ysG49XRPPV-UML8seWYnjBCxqdw=/fit-in/200x150/pic2368458.png", "minPlayers": 1, "maxPlayers": 2, "playingTime": 30, "isExpansion": false, "yearPublished": 2014, "bggRating": 0.0, "averageRating": 6.15957, "rank": 3735, "numPlays": 0, "rating": -1.0, "owned": true, "preOrdered": false, "forTrade": false, "previousOwned": false, "want": false, "wantToPlay": false, "wantToBuy": false, "wishList": false, "userComment": "" },
  { "gameId": 2318, "name": "Scrabble Junior", "image": "https://cf.geekdo-images.com/original/img/m3xwfgwK8PbVta1fYE_qxtG_1jw=/0x0/pic2358376.jpg", "thumbnail": "https://cf.geekdo-images.com/thumb/img/ohpAuyyGSQg83_Y-7KEJ_D62IaY=/fit-in/200x150/pic2358376.jpg", "minPlayers": 2, "maxPlayers": 4, "playingTime": 30, "isExpansion": false, "yearPublished": 2007, "bggRating": 0.0, "averageRating": 4.6928, "rank": 16587, "numPlays": 0, "rating": -1.0, "owned": true, "preOrdered": false, "forTrade": false, "previousOwned": false, "want": false, "wantToPlay": false, "wantToBuy": false, "wishList": false, "userComment": "" },
  { "gameId": 1269, "name": "Skip-Bo", "image": "https://cf.geekdo-images.com/original/img/ejJdrqPt_BkOZJ0FVWVWIf5x1c0=/0x0/pic1427532.jpg", "thumbnail": "https://cf.geekdo-images.com/thumb/img/yPzo9ExkM4WXXjQXdvCoUkALD4U=/fit-in/200x150/pic1427532.jpg", "minPlayers": 2, "maxPlayers": 6, "playingTime": 20, "isExpansion": false, "yearPublished": 2003, "bggRating": 0.0, "averageRating": 5.39188, "rank": 16502, "numPlays": 0, "rating": -1.0, "owned": true, "preOrdered": false, "forTrade": false, "previousOwned": false, "want": false, "wantToPlay": false, "wantToBuy": false, "wishList": false, "userComment": "" },
  { "gameId": 40774, "name": "Sokken zoeken: Het kaartspel", "image": "https://cf.geekdo-images.com/original/img/A_izG-U1gKn9vvfIHI1qfr4051w=/0x0/pic679019.jpg", "thumbnail": "https://cf.geekdo-images.com/thumb/img/v1LuC6_BNBR5i02UoXvpNtu8lOU=/fit-in/200x150/pic679019.jpg", "minPlayers": 2, "maxPlayers": 6, "playingTime": 10, "isExpansion": false, "yearPublished": 2009, "bggRating": 0.0, "averageRating": 5.986, "rank": 12383, "numPlays": 0, "rating": -1.0, "owned": true, "preOrdered": false, "forTrade": false, "previousOwned": false, "want": false, "wantToPlay": false, "wantToBuy": false, "wishList": false, "userComment": "" },
  { "gameId": 4975, "name": "Speed Scrabble", "image": "https://cf.geekdo-images.com/original/img/QxhVkkGlhpD8t88-0cjr_QvSrU8=/0x0/pic256808.jpg", "thumbnail": "https://cf.geekdo-images.com/thumb/img/VcV2WvoHSVFNLvuRTU9WNF-LWOM=/fit-in/200x150/pic256808.jpg", "minPlayers": 2, "maxPlayers": 6, "playingTime": 30, "isExpansion": false, "yearPublished": 1993, "bggRating": 0.0, "averageRating": 6.38399, "rank": 5823, "numPlays": 0, "rating": -1.0, "owned": true, "preOrdered": false, "forTrade": false, "previousOwned": false, "want": false, "wantToPlay": false, "wantToBuy": false, "wishList": false, "userComment": "" },
  { "gameId": 23249, "name": "Spel der Spellen", "image": "https://cf.geekdo-images.com/original/img/ypm1D3Lhq2DHaeQn9Y8Duy4TFw8=/0x0/pic799371.jpg", "thumbnail": "https://cf.geekdo-images.com/thumb/img/TPU9DljFFF638rafwfmlxZ2c3Ns=/fit-in/200x150/pic799371.jpg", "minPlayers": 2, "maxPlayers": 4, "playingTime": -1, "isExpansion": false, "yearPublished": 1988, "bggRating": 0.0, "averageRating": 4.80283, "rank": 16027, "numPlays": 0, "rating": -1.0, "owned": true, "preOrdered": false, "forTrade": false, "previousOwned": false, "want": false, "wantToPlay": false, "wantToBuy": false, "wishList": false, "userComment": "" },
  { "gameId": 327, "name": "Stef Stuntpiloot", "image": "https://cf.geekdo-images.com/original/img/B4PjCkf2zIgcbRumZmwzv5-u4vw=/0x0/pic201949.jpg", "thumbnail": "https://cf.geekdo-images.com/thumb/img/127-N7sU4KduaDfWZoEbDcJL67Y=/fit-in/200x150/pic201949.jpg", "minPlayers": 2, "maxPlayers": 4, "playingTime": 10, "isExpansion": false, "yearPublished": 2005, "bggRating": 0.0, "averageRating": 6.83106, "rank": 739, "numPlays": 0, "rating": -1.0, "owned": true, "preOrdered": false, "forTrade": false, "previousOwned": false, "want": false, "wantToPlay": false, "wantToBuy": false, "wishList": false, "userComment": "" },
  { "gameId": 34635, "name": "Stone Age", "image": "https://cf.geekdo-images.com/original/img/Dt2tBgnvuWww89kSQqOW0vvEJr4=/0x0/pic1632539.jpg", "thumbnail": "https://cf.geekdo-images.com/thumb/img/59G6_Csm5HEfb3xik6W-_6sihuQ=/fit-in/200x150/pic1632539.jpg", "minPlayers": 2, "maxPlayers": 4, "playingTime": 90, "isExpansion": false, "yearPublished": 2008, "bggRating": 0.0, "averageRating": 7.60542, "rank": 82, "numPlays": 0, "rating": -1.0, "owned": true, "preOrdered": false, "forTrade": false, "previousOwned": false, "want": false, "wantToPlay": false, "wantToBuy": false, "wishList": false, "userComment": "" },
  { "gameId": 1917, "name": "Stratego", "image": "https://cf.geekdo-images.com/original/img/I5izn2O3cq6jTJqCKU4V85gHtBU=/0x0/pic2314534.jpg", "thumbnail": "https://cf.geekdo-images.com/thumb/img/bq_L6v5LwfQfPNMFUDl5Rd9E33I=/fit-in/200x150/pic2314534.jpg", "minPlayers": 2, "maxPlayers": 2, "playingTime": 45, "isExpansion": false, "yearPublished": 1983, "bggRating": 0.0, "averageRating": 6.06384, "rank": 2366, "numPlays": 0, "rating": -1.0, "owned": true, "preOrdered": false, "forTrade": false, "previousOwned": false, "want": false, "wantToPlay": false, "wantToBuy": false, "wishList": false, "userComment": "" },
  { "gameId": 22278, "name": "The Thief of Baghdad", "image": "https://cf.geekdo-images.com/original/img/AlwHR5jaqLs23M6TJw917HjA-ao=/0x0/pic245139.jpg", "thumbnail": "https://cf.geekdo-images.com/thumb/img/ernocNTWs8psYOUQpimxrNrsiX4=/fit-in/200x150/pic245139.jpg", "minPlayers": 2, "maxPlayers": 4, "playingTime": 45, "isExpansion": false, "yearPublished": 2006, "bggRating": 0.0, "averageRating": 6.4347, "rank": 2226, "numPlays": 0, "rating": -1.0, "owned": true, "preOrdered": false, "forTrade": false, "previousOwned": false, "want": false, "wantToPlay": false, "wantToBuy": false, "wishList": false, "userComment": "" },
  { "gameId": 14996, "name": "Ticket to Ride: Europe", "image": "https://cf.geekdo-images.com/original/img/lN5ivSfgaJwEMXgyLijCtyKVUBs=/0x0/pic66668.jpg", "thumbnail": "https://cf.geekdo-images.com/thumb/img/eXshcW5A7ryFnyb3VwlSc8IxIgc=/fit-in/200x150/pic66668.jpg", "minPlayers": 2, "maxPlayers": 5, "playingTime": 60, "isExpansion": false, "yearPublished": 2005, "bggRating": 0.0, "averageRating": 7.56285, "rank": 97, "numPlays": 0, "rating": -1.0, "owned": true, "preOrdered": false, "forTrade": false, "previousOwned": false, "want": false, "wantToPlay": false, "wantToBuy": false, "wishList": false, "userComment": "" },
  { "gameId": 13792, "name": "T-Rex", "image": "https://cf.geekdo-images.com/original/img/TxlERYdjBXdsT9AqW5HCJeJf8IU=/0x0/pic955011.jpg", "thumbnail": "https://cf.geekdo-images.com/thumb/img/nnQRwveAShfwD7YL7n20oypCDsk=/fit-in/200x150/pic955011.jpg", "minPlayers": 2, "maxPlayers": 4, "playingTime": 20, "isExpansion": false, "yearPublished": 2010, "bggRating": 0.0, "averageRating": 4.2, "rank": 16038, "numPlays": 0, "rating": -1.0, "owned": true, "preOrdered": false, "forTrade": false, "previousOwned": false, "want": false, "wantToPlay": false, "wantToBuy": false, "wishList": false, "userComment": "" },
  { "gameId": 207911, "name": "Trivial Pursuit: 2000s Edition", "image": "https://cf.geekdo-images.com/original/img/gLmUx1Jd7hmdkrtiIzfUHYDs23o=/0x0/pic3187373.jpg", "thumbnail": "https://cf.geekdo-images.com/thumb/img/NiRMLtD0-UyPnXg-Dz0GCs3bm00=/fit-in/200x150/pic3187373.jpg", "minPlayers": 2, "maxPlayers": 6, "playingTime": 45, "isExpansion": false, "yearPublished": 2016, "bggRating": 0.0, "averageRating": 5.73106, "rank": 12204, "numPlays": 0, "rating": -1.0, "owned": true, "preOrdered": false, "forTrade": false, "previousOwned": false, "want": false, "wantToPlay": false, "wantToBuy": false, "wishList": false, "userComment": "" },
  { "gameId": 2952, "name": "Trivial Pursuit: Genus Editie", "image": "https://cf.geekdo-images.com/original/img/ED-SV1auoxxkxdNHxMdgkCohjY0=/0x0/pic2398498.jpg", "thumbnail": "https://cf.geekdo-images.com/thumb/img/-NhC6O9Ul0U9CmXJbRAvbAA-TaM=/fit-in/200x150/pic2398498.jpg", "minPlayers": 2, "maxPlayers": 24, "playingTime": 90, "isExpansion": false, "yearPublished": -1, "bggRating": 0.0, "averageRating": 5.2051, "rank": 16631, "numPlays": 0, "rating": -1.0, "owned": true, "preOrdered": false, "forTrade": false, "previousOwned": false, "want": false, "wantToPlay": false, "wantToBuy": false, "wishList": false, "userComment": "" },
  { "gameId": 2223, "name": "UNO", "image": "https://cf.geekdo-images.com/original/img/z3OFp3362X0ZPf5CIc5vfxzwDsg=/0x0/pic981505.jpg", "thumbnail": "https://cf.geekdo-images.com/thumb/img/Vqkf_w4oaY__07ZiwrpofsIxHNQ=/fit-in/200x150/pic981505.jpg", "minPlayers": 2, "maxPlayers": 10, "playingTime": 30, "isExpansion": false, "yearPublished": 1971, "bggRating": 0.0, "averageRating": 5.35741, "rank": 16590, "numPlays": 0, "rating": -1.0, "owned": true, "preOrdered": false, "forTrade": false, "previousOwned": false, "want": false, "wantToPlay": false, "wantToBuy": false, "wishList": false, "userComment": "" },
  { "gameId": 83195, "name": "Vlotte Geesten", "image": "https://cf.geekdo-images.com/original/img/-ICZ_aGREkMu0TxZ6R_MOYNjSLs=/0x0/pic946340.jpg", "thumbnail": "https://cf.geekdo-images.com/thumb/img/j07Rap38qkjaXPotaUHCB1Lr9fI=/fit-in/200x150/pic946340.jpg", "minPlayers": 2, "maxPlayers": 8, "playingTime": 20, "isExpansion": false, "yearPublished": 2011, "bggRating": 0.0, "averageRating": 6.74263, "rank": 937, "numPlays": 0, "rating": -1.0, "owned": false, "preOrdered": false, "forTrade": false, "previousOwned": false, "want": false, "wantToPlay": false, "wantToBuy": false, "wishList": false, "userComment": "" },
  { "gameId": 118025, "name": "Waka Waka", "image": "https://cf.geekdo-images.com/original/img/8vf3PDINhleOudoumPCuhthdzgQ=/0x0/pic1203965.jpg", "thumbnail": "https://cf.geekdo-images.com/thumb/img/MYUYy5VfbTM3Dgj_bAsk8ZA2yG0=/fit-in/200x150/pic1203965.jpg", "minPlayers": 2, "maxPlayers": 4, "playingTime": 45, "isExpansion": false, "yearPublished": 2012, "bggRating": 0.0, "averageRating": 6.01608, "rank": 6438, "numPlays": 0, "rating": -1.0, "owned": true, "preOrdered": false, "forTrade": false, "previousOwned": false, "want": false, "wantToPlay": false, "wantToBuy": false, "wishList": false, "userComment": "" },
  { "gameId": 4425, "name": "Waterloo: Napoleon's Last Battle", "image": "https://cf.geekdo-images.com/original/img/GaP5BfwRbHY5qItbNq6PG0liMr4=/0x0/pic325387.jpg", "thumbnail": "https://cf.geekdo-images.com/thumb/img/7P5VUvDbjLkhSCHiH7-hfQJw24M=/fit-in/200x150/pic325387.jpg", "minPlayers": 2, "maxPlayers": 3, "playingTime": 120, "isExpansion": false, "yearPublished": 2002, "bggRating": 0.0, "averageRating": 6.0569, "rank": 5601, "numPlays": 0, "rating": -1.0, "owned": true, "preOrdered": false, "forTrade": false, "previousOwned": false, "want": false, "wantToPlay": false, "wantToBuy": false, "wishList": false, "userComment": "" },
  { "gameId": 25821, "name": "The Werewolves of Miller's Hollow", "image": "https://cf.geekdo-images.com/original/img/wdSMpOFfty85DOnIY9GR5hL2YB0=/0x0/pic510856.jpg", "thumbnail": "https://cf.geekdo-images.com/thumb/img/7iAM_EHN3IvaValRFPQktfQDoCo=/fit-in/200x150/pic510856.jpg", "minPlayers": 8, "maxPlayers": 18, "playingTime": 30, "isExpansion": false, "yearPublished": 2001, "bggRating": 0.0, "averageRating": 6.79597, "rank": 813, "numPlays": 0, "rating": -1.0, "owned": true, "preOrdered": false, "forTrade": false, "previousOwned": false, "want": false, "wantToPlay": false, "wantToBuy": false, "wishList": false, "userComment": "" },
  { "gameId": 4143, "name": "Wie is het?", "image": "https://cf.geekdo-images.com/original/img/Fapg_eLu0LCjeBm_ramBX9jTKFY=/0x0/pic335812.jpg", "thumbnail": "https://cf.geekdo-images.com/thumb/img/jexD6pQO5PScpkXq358fjfYHNIE=/fit-in/200x150/pic335812.jpg", "minPlayers": 2, "maxPlayers": 2, "playingTime": 20, "isExpansion": false, "yearPublished": 1987, "bggRating": 0.0, "averageRating": 4.77686, "rank": 16671, "numPlays": 0, "rating": -1.0, "owned": true, "preOrdered": false, "forTrade": false, "previousOwned": false, "want": false, "wantToPlay": false, "wantToBuy": false, "wishList": false, "userComment": "" },
  { "gameId": 39872, "name": "Wie is Het? Extra", "image": "https://cf.geekdo-images.com/original/img/jbiVcFIvjnUObf3r_EthWarSZiI=/0x0/pic1054431.png", "thumbnail": "https://cf.geekdo-images.com/thumb/img/JMyMa-6FA2O9m-UI4jGNo3MCr4o=/fit-in/200x150/pic1054431.png", "minPlayers": 2, "maxPlayers": 2, "playingTime": 10, "isExpansion": false, "yearPublished": 2008, "bggRating": 0.0, "averageRating": 5.77037, "rank": 9983, "numPlays": 0, "rating": -1.0, "owned": true, "preOrdered": false, "forTrade": false, "previousOwned": false, "want": false, "wantToPlay": false, "wantToBuy": false, "wishList": false, "userComment": "" },
  { "gameId": 32895, "name": "Wiebelboom-spel", "image": "https://cf.geekdo-images.com/original/img/AT45R1ouUKPPOJC-ITk3_ZiWcfY=/0x0/pic329356.jpg", "thumbnail": "https://cf.geekdo-images.com/thumb/img/Di2KcLPVNp1jJ1jdRn0Eit8EwVE=/fit-in/200x150/pic329356.jpg", "minPlayers": 2, "maxPlayers": 4, "playingTime": 15, "isExpansion": false, "yearPublished": 2006, "bggRating": 0.0, "averageRating": 4.22727, "rank": -1, "numPlays": 0, "rating": -1.0, "owned": true, "preOrdered": false, "forTrade": false, "previousOwned": false, "want": false, "wantToPlay": false, "wantToBuy": false, "wishList": false, "userComment": "" },
  { "gameId": 1465, "name": "Wizard", "image": "https://cf.geekdo-images.com/original/img/jRxw5xaBZk7prRBzgzHruNDdrRE=/0x0/pic942923.png", "thumbnail": "https://cf.geekdo-images.com/thumb/img/WPUjTpKW3tHeQrJYmVAirdsmRws=/fit-in/200x150/pic942923.png", "minPlayers": 3, "maxPlayers": 6, "playingTime": 45, "isExpansion": false, "yearPublished": 2011, "bggRating": 0.0, "averageRating": 6.8985, "rank": 704, "numPlays": 0, "rating": -1.0, "owned": true, "preOrdered": false, "forTrade": false, "previousOwned": false, "want": false, "wantToPlay": false, "wantToBuy": false, "wishList": false, "userComment": "" },
  { "gameId": 28037, "name": "Wollie Bollie", "image": "https://cf.geekdo-images.com/original/img/lUFbaCx4xLQaExLxlaL5yVT5d8A=/0x0/pic265435.jpg", "thumbnail": "https://cf.geekdo-images.com/thumb/img/USOsKadcUogeqxCBQWVFUOvDL6A=/fit-in/200x150/pic265435.jpg", "minPlayers": 2, "maxPlayers": 6, "playingTime": 30, "isExpansion": false, "yearPublished": 2007, "bggRating": 0.0, "averageRating": 6.00787, "rank": 5092, "numPlays": 0, "rating": -1.0, "owned": true, "preOrdered": false, "forTrade": false, "previousOwned": false, "want": false, "wantToPlay": false, "wantToBuy": false, "wishList": false, "userComment": "" },
  { "gameId": 2243, "name": "Yahtzee", "image": "https://cf.geekdo-images.com/original/img/S9AmoNh3ZPyVXLxoqhOA7MBCN7M=/0x0/pic378237.jpg", "thumbnail": "https://cf.geekdo-images.com/thumb/img/vroA4iMIzREc06g-2OzjXzKFliE=/fit-in/200x150/pic378237.jpg", "minPlayers": 2, "maxPlayers": 10, "playingTime": 30, "isExpansion": false, "yearPublished": 1982, "bggRating": 0.0, "averageRating": 5.3185, "rank": 16582, "numPlays": 0, "rating": -1.0, "owned": true, "preOrdered": false, "forTrade": false, "previousOwned": false, "want": false, "wantToPlay": false, "wantToBuy": false, "wishList": false, "userComment": "" },
  { "gameId": 1117, "name": "You're Bluffing!", "image": "https://cf.geekdo-images.com/original/img/6JpL03TOx2lAbAapS12kGjgzN8Y=/0x0/pic1068602.jpg", "thumbnail": "https://cf.geekdo-images.com/thumb/img/ieK9v_hMu2PgIBbaoswHzgrY_ZQ=/fit-in/200x150/pic1068602.jpg", "minPlayers": 3, "maxPlayers": 5, "playingTime": 45, "isExpansion": false, "yearPublished": 1985, "bggRating": 0.0, "averageRating": 6.61622, "rank": 1350, "numPlays": 0, "rating": -1.0, "owned": true, "preOrdered": false, "forTrade": false, "previousOwned": false, "want": false, "wantToPlay": false, "wantToBuy": false, "wishList": false, "userComment": "" }
