{
  "info": {
    "_postman_id": "522412e6-975b-4d8d-8909-a23881f00139",
    "name": "FSWD-voorbeeldexamen",
    "schema": "https://schema.getpostman.com/json/collection/v2.1.0/collection.json"
  },
  "item": [
    {
      "name": "1. GET types die beginnen met....",
      "request": {
        "method": "GET",
        "header": [
          {
            "key": "Content-Type",
            "name": "Content-Type",
            "value": "application/x-www-form-urlencoded",
            "type": "text"
          }
        ],
        "url": {
          "raw": "http://127.0.0.1:5000/api/v1/types/Metal",
          "protocol": "http",
          "host": ["127", "0", "0", "1"],
          "port": "5000",
          "path": ["api", "v1", "types", "Metal"]
        }
      },
      "response": []
    },
    {
      "name": "2. GET unieke, gesorteerde ontdekkingsjaren",
      "request": {
        "method": "GET",
        "header": [],
        "url": {
          "raw": "http://127.0.0.1:5000/api/v1/jaren",
          "protocol": "http",
          "host": ["127", "0", "0", "1"],
          "port": "5000",
          "path": ["api", "v1", "jaren"]
        }
      },
      "response": []
    },
    {
      "name": "3. POST nieuw type",
      "request": {
        "method": "POST",
        "header": [
          {
            "key": "Content-Type",
            "name": "Content-Type",
            "type": "text",
            "value": "application/json"
          }
        ],
        "body": {
          "mode": "raw",
          "raw": "{\n\t\"typeID\": 12,\n    \"typeCode\": \"MCTgrondstof\",\n    \"type\": \"The best of the best\"\n}"
        },
        "url": {
          "raw": "http://127.0.0.1:5000/api/v1/nieuwtype",
          "protocol": "http",
          "host": ["127", "0", "0", "1"],
          "port": "5000",
          "path": ["api", "v1", "nieuwtype"]
        }
      },
      "response": []
    },
    {
      "name": "4a. PUT wijzig een type met een bestaande id",
      "request": {
        "method": "PUT",
        "header": [
          {
            "key": "Content-Type",
            "name": "Content-Type",
            "value": "application/json",
            "type": "text"
          }
        ],
        "body": {
          "mode": "raw",
          "raw": "{\n    \"typeCode\": \"Cardboard\"\n}"
        },
        "url": {
          "raw": "http://127.0.0.1:5000/api/v1/types/6",
          "protocol": "http",
          "host": ["127", "0", "0", "1"],
          "port": "5000",
          "path": ["api", "v1", "types", "6"]
        }
      },
      "response": []
    },
    {
      "name": "4b. PUT wijzig een genre met een niet bestaande id",
      "request": {
        "method": "PUT",
        "header": [
          {
            "key": "Content-Type",
            "name": "Content-Type",
            "type": "text",
            "value": "application/json"
          }
        ],
        "body": {
          "mode": "raw",
          "raw": "{\n    \"type_code\": \"Cardboard\"\n}"
        },
        "url": {
          "raw": "http://127.0.0.1:5000/api/v1/types/16",
          "protocol": "http",
          "host": ["127", "0", "0", "1"],
          "port": "5000",
          "path": ["api", "v1", "types", "16"]
        }
      },
      "response": []
    }
  ],
  "event": [
    {
      "listen": "prerequest",
      "script": {
        "id": "90c04812-f9c4-4acb-87c6-832bafc7e97e",
        "type": "text/javascript",
        "exec": [""]
      }
    },
    {
      "listen": "test",
      "script": {
        "id": "02ec9c52-ca25-4776-9614-f4bc356c4c05",
        "type": "text/javascript",
        "exec": [""]
      }
    }
  ]
}
